DSF Project ID,predicted_RAG,predicted_probability,predicted_EAC_date,actual_RAG,actual_RAG_reason,predicted_RAG_reason
DSFFLOW-4457,Green,0.64,15-Sep-25,Green,[Closed] ahead of schedule; feedback: opportunity for optimized time plan; efforts saved; feedback: opportunity for optimized effort baseline; late start; | [Closed] ahead of schedule; feedback: opportunity for optimized time plan; efforts saved; feedback: opportunity for optimized effort baseline; late start;,Work progress significantly ahead of schedule (Work% >> Time%); Actual start differs from planned start (possible late start)
DSFFLOW-3547,Red,0.78,08-Aug-25,Red,[Closed] schedule overrun > 10%; efforts saved; | [Closed] schedule overrun > 10%; efforts saved;,Work progress significantly behind schedule (Work% << Time%); Low EAC efficiency -> potential effort risk; Actual start differs from planned start (possible late start)
DSFFLOW-1135,Green,0.61,20-Jun-25,Green,[Closed] efforts saved; | [Closed] efforts saved;,Low EAC efficiency -> potential effort risk
DSFFLOW-1879,Green,0.63,30-Jun-25,Green,[Closed] efforts saved; | [Closed] efforts saved;,Low EAC efficiency -> potential effort risk
DSFFLOW-2625,Red,0.69,25-Jul-25,Red,[Closed] schedule overrun > 10%; | [Closed] schedule overrun > 10%;,Work progress significantly behind schedule (Work% << Time%); Low EAC efficiency -> potential effort risk; Actual start differs from planned start (possible late start)
DSFFLOW-340,Red,0.82,30-Jun-25,Red,[Closed] incomplete work; effort budget spent; schedule overrun > 10%; | [Closed] incomplete work; effort budget spent; schedule overrun > 10%;,Work progress significantly behind schedule (Work% << Time%); Low EAC efficiency -> potential effort risk
DSFFLOW-3649,Red,0.62,30-Dec-25,Red,[Closed] incomplete work; ahead of schedule; feedback: opportunity for optimized time plan; efforts saved; feedback: opportunity for optimized effort baseline; late start; | [Closed] incomplete work; ahead of schedule; feedback: opportunity for optimized time plan; efforts saved; feedback: opportunity for optimized effort baseline; late start;,Work progress significantly ahead of schedule (Work% >> Time%); Low effort consumption relative to plan (Effort Prog < 50%); Low EAC efficiency -> potential effort risk; Actual start differs from planned start (possible late start)
DSFFLOW-97,Green,0.69,31-Jul-25,Green,[Closed] ahead of schedule; feedback: opportunity for optimized time plan; efforts saved; feedback: opportunity for optimized effort baseline; | [Closed] ahead of schedule; feedback: opportunity for optimized time plan; efforts saved; feedback: opportunity for optimized effort baseline;,Actual start differs from planned start (possible late start)
DSFFLOW-1026,Red,0.69,29-Jun-25,Red,[Closed] schedule overrun > 10%; late start; | [Closed] schedule overrun > 10%; late start;,Low EAC efficiency -> potential effort risk; Actual start differs from planned start (possible late start)
DSFFLOW-3700,Red,0.57,31-Jul-26,Red,[Closed] incomplete work; effort budget spent; ahead of schedule; feedback: opportunity for optimized time plan; late start; | [Closed] incomplete work; effort budget spent; ahead of schedule; feedback: opportunity for optimized time plan; late start;,Work progress significantly ahead of schedule (Work% >> Time%); Low EAC efficiency -> potential effort risk; Actual start differs from planned start (possible late start)
DSFFLOW-386,Red,0.61,26-Jan-25,Red,[Closed] schedule overrun > 10%; efforts saved; feedback: opportunity for optimized effort baseline; late start; | [Closed] schedule overrun > 10%; efforts saved; feedback: opportunity for optimized effort baseline; late start;,Work progress significantly behind schedule (Work% << Time%); Actual start differs from planned start (possible late start)
DSFFLOW-4427,Red,0.65,08-Aug-25,Red,[Closed] schedule overrun > 10%; efforts saved; late start; | [Closed] schedule overrun > 10%; efforts saved; late start;,Work progress significantly behind schedule (Work% << Time%); Low EAC efficiency -> potential effort risk; Actual start differs from planned start (possible late start)
DSFFLOW-1383,Red,0.6,30-Jun-25,Red,[Closed] incomplete work; effort budget spent; ahead of schedule; feedback: opportunity for optimized time plan; | [Closed] incomplete work; effort budget spent; ahead of schedule; feedback: opportunity for optimized time plan;,Work progress significantly behind schedule (Work% << Time%); Low EAC efficiency -> potential effort risk; Actual start differs from planned start (possible late start)
DSFFLOW-1445,Green,0.66,04-Jul-25,Green,[Closed] efforts saved; | [Closed] efforts saved;,Low EAC efficiency -> potential effort risk; Actual start differs from planned start (possible late start)
DSFFLOW-1200,Green,0.64,31-Oct-25,Green,[Closed] ahead of schedule; feedback: opportunity for optimized time plan; efforts saved; feedback: opportunity for optimized effort baseline; late start; | [Closed] ahead of schedule; feedback: opportunity for optimized time plan; efforts saved; feedback: opportunity for optimized effort baseline; late start;,Work progress significantly ahead of schedule (Work% >> Time%); Actual start differs from planned start (possible late start)
DSFFLOW-3458,Red,0.8,29-Aug-25,Red,[Closed] incomplete work; effort budget spent; ahead of schedule; feedback: opportunity for optimized time plan; | [Closed] incomplete work; effort budget spent; ahead of schedule; feedback: opportunity for optimized time plan;,Work progress significantly ahead of schedule (Work% >> Time%); Low EAC efficiency -> potential effort risk; Actual start differs from planned start (possible late start)
DSFFLOW-3381,Red,0.58,22-Jul-25,Green,[Closed] | [Closed],Low EAC efficiency -> potential effort risk; Actual start differs from planned start (possible late start)
DSFFLOW-550,Green,0.66,23-Jul-25,Green,[Closed] ahead of schedule; efforts saved; late start; | [Closed] ahead of schedule; efforts saved; late start;,Low EAC efficiency -> potential effort risk; Actual start differs from planned start (possible late start)
DSFFLOW-168,Red,0.39,03-Sep-25,Green,[Closed] ahead of schedule; feedback: opportunity for optimized time plan; efforts saved; feedback: opportunity for optimized effort baseline; | [Closed] ahead of schedule; feedback: opportunity for optimized time plan; efforts saved; feedback: opportunity for optimized effort baseline;,Work progress significantly ahead of schedule (Work% >> Time%); Low EAC efficiency -> potential effort risk; Actual start differs from planned start (possible late start)
DSFFLOW-2419,Red,0.67,26-Jun-25,Red,[Closed] schedule overrun > 10%; efforts saved; feedback: opportunity for optimized effort baseline; late start; | [Closed] schedule overrun > 10%; efforts saved; feedback: opportunity for optimized effort baseline; late start;,Work progress significantly behind schedule (Work% << Time%); Actual start differs from planned start (possible late start)
DSFFLOW-3581,Red,0.77,08-Aug-25,Red,[Closed] schedule overrun > 10%; efforts saved; | [Closed] schedule overrun > 10%; efforts saved;,Work progress significantly behind schedule (Work% << Time%); Low EAC efficiency -> potential effort risk; Actual start differs from planned start (possible late start)
DSFFLOW-921,Red,0.78,31-Jul-25,Red,[Closed] effort overrun > 1%; ahead of schedule; feedback: opportunity for optimized time plan; | [Closed] effort overrun > 1%; ahead of schedule; feedback: opportunity for optimized time plan;,Work progress significantly ahead of schedule (Work% >> Time%); EAC efficiency negative -> projected effort overrun; Actual start differs from planned start (possible late start)
DSFFLOW-1745,Red,0.64,30-Aug-25,Red,[Closed] incomplete work; effort budget spent; effort overrun < 1%; ahead of schedule; feedback: opportunity for optimized time plan; | [Closed] incomplete work; effort budget spent; effort overrun < 1%; ahead of schedule; feedback: opportunity for optimized time plan;,Work progress significantly ahead of schedule (Work% >> Time%); Low EAC efficiency -> potential effort risk; Actual start differs from planned start (possible late start)
DSFFLOW-3611,Red,0.83,28-Aug-25,Red,[Closed] incomplete work; ahead of schedule; feedback: opportunity for optimized time plan; efforts saved; feedback: opportunity for optimized effort baseline; | [Closed] incomplete work; ahead of schedule; feedback: opportunity for optimized time plan; efforts saved; feedback: opportunity for optimized effort baseline;,Work progress significantly ahead of schedule (Work% >> Time%); Low EAC efficiency -> potential effort risk; Actual start differs from planned start (possible late start)
DSFFLOW-2560,Green,0.59,08-Jul-25,Green,[Closed] ahead of schedule; | [Closed] ahead of schedule;,Low EAC efficiency -> potential effort risk; Actual start differs from planned start (possible late start)
DSFFLOW-401,Red,0.36,12-Dec-25,Red,[Closed] incomplete work; ahead of schedule; feedback: opportunity for optimized time plan; efforts saved; feedback: opportunity for optimized effort baseline; late start; | [Closed] incomplete work; ahead of schedule; feedback: opportunity for optimized time plan; efforts saved; feedback: opportunity for optimized effort baseline; late start;,Work progress significantly behind schedule (Work% << Time%); Low EAC efficiency -> potential effort risk; Actual start differs from planned start (possible late start)
DSFFLOW-2858,Red,0.57,25-Jul-25,Red,[Closed] schedule overrun > 10%; late start; | [Closed] schedule overrun > 10%; late start;,Work progress significantly behind schedule (Work% << Time%); Low EAC efficiency -> potential effort risk; Actual start differs from planned start (possible late start)
DSFFLOW-32,Green,0.76,18-Feb-25,Green,[Closed] ahead of schedule; | [Closed] ahead of schedule;,Low EAC efficiency -> potential effort risk; Actual start differs from planned start (possible late start)
DSFFLOW-1629,Red,0.59,29-Jun-25,Red,[Closed] schedule overrun > 10%; efforts saved; feedback: opportunity for optimized effort baseline; late start; | [Closed] schedule overrun > 10%; efforts saved; feedback: opportunity for optimized effort baseline; late start;,Actual start differs from planned start (possible late start)
DSFFLOW-310,Red,0.78,31-May-25,Red,[Closed] effort overrun > 1%; schedule overrun > 10%; late start; | [Closed] effort overrun > 1%; schedule overrun > 10%; late start;,EAC efficiency negative -> projected effort overrun; Actual start differs from planned start (possible late start)
DSFFLOW-2352,Red,0.63,30-Jul-25,Red,[Closed] incomplete work; schedule overrun > 10%; efforts saved; feedback: opportunity for optimized effort baseline; late start; | [Closed] incomplete work; schedule overrun > 10%; efforts saved; feedback: opportunity for optimized effort baseline; late start;,Work progress significantly behind schedule (Work% << Time%); Low EAC efficiency -> potential effort risk; Actual start differs from planned start (possible late start)
DSFFLOW-2947,Green,0.62,15-Jul-25,Green,[Closed] efforts saved; | [Closed] efforts saved;,Low EAC efficiency -> potential effort risk; Actual start differs from planned start (possible late start)
DSFFLOW-49,Green,0.66,17-Apr-25,Green,[Closed] ahead of schedule; feedback: opportunity for optimized time plan; efforts saved; feedback: opportunity for optimized effort baseline; late start; | [Closed] ahead of schedule; feedback: opportunity for optimized time plan; efforts saved; feedback: opportunity for optimized effort baseline; late start;,Work progress significantly ahead of schedule (Work% >> Time%); Low EAC efficiency -> potential effort risk; Actual start differs from planned start (possible late start)
DSFFLOW-2138,Red,0.66,31-Aug-25,Red,[Closed] incomplete work; ahead of schedule; feedback: opportunity for optimized time plan; efforts saved; feedback: opportunity for optimized effort baseline; | [Closed] incomplete work; ahead of schedule; feedback: opportunity for optimized time plan; efforts saved; feedback: opportunity for optimized effort baseline;,Actual start differs from planned start (possible late start)
DSFFLOW-80,Green,0.58,06-Jun-25,Green,[Closed] ahead of schedule; efforts saved; late start; | [Closed] ahead of schedule; efforts saved; late start;,Low EAC efficiency -> potential effort risk; Actual start differs from planned start (possible late start)
DSFFLOW-2813,Green,0.97,31-Mar-26,Green,[In Prog] late start; | [In Prog] late start;,Work progress significantly behind schedule (Work% << Time%); Low effort consumption relative to plan (Effort Prog < 50%); Low EAC efficiency -> potential effort risk; Actual start differs from planned start (possible late start)
DSFFLOW-1864,Amber,0.78,31-Dec-25,Amber,[In Prog] efforts burnt misaligned with work progress; work progress misaligned with time progress; late start; | [In Prog] efforts burnt misaligned with work progress; work progress misaligned with time progress; late start;,Work progress significantly ahead of schedule (Work% >> Time%); Actual start differs from planned start (possible late start)
DSFFLOW-3730,Amber,0.74,31-Oct-25,Amber,[In Prog] time ticking without any work progress; late start; | [In Prog] time ticking without any work progress; late start;,Work progress significantly behind schedule (Work% << Time%); Low effort consumption relative to plan (Effort Prog < 50%); Low EAC efficiency -> potential effort risk; Actual start differs from planned start (possible late start)
DSFFLOW-1400,Amber,0.84,30-Jul-25,Amber,[In Prog] efforts burnt misaligned with time progress; work progress misaligned with time progress; late start; | [In Prog] efforts burnt misaligned with time progress; work progress misaligned with time progress; late start;,Work progress significantly behind schedule (Work% << Time%); Low effort consumption relative to plan (Effort Prog < 50%); Low EAC efficiency -> potential effort risk; Actual start differs from planned start (possible late start)
DSFFLOW-4396,Green,0.94,06-Oct-25,Green,[In Prog] | [In Prog],Low effort consumption relative to plan (Effort Prog < 50%); Low EAC efficiency -> potential effort risk; Actual start differs from planned start (possible late start)
DSFFLOW-1008,Green,0.94,30-Aug-25,Green,[In Prog] late start; | [In Prog] late start;,Low EAC efficiency -> potential effort risk; Actual start differs from planned start (possible late start)
DSFFLOW-4124,Green,0.98,30-Jan-26,Green,[In Prog] | [In Prog],Low effort consumption relative to plan (Effort Prog < 50%); Low EAC efficiency -> potential effort risk; Actual start differs from planned start (possible late start)
DSFFLOW-2901,Amber,0.7,30-Aug-25,Amber,[In Prog] efforts burnt misaligned with time progress; late start; | [In Prog] efforts burnt misaligned with time progress; late start;,Work progress significantly behind schedule (Work% << Time%); Low effort consumption relative to plan (Effort Prog < 50%); Low EAC efficiency -> potential effort risk; Actual start differs from planned start (possible late start)
DSFFLOW-1790,Green,0.93,31-Mar-26,Green,[In Prog] late start; | [In Prog] late start;,Low effort consumption relative to plan (Effort Prog < 50%); Low EAC efficiency -> potential effort risk; Actual start differs from planned start (possible late start)
DSFFLOW-1614,Amber,0.75,30-Jan-26,Amber,[In Prog] efforts burnt misaligned with time progress; work progress misaligned with time progress; | [In Prog] efforts burnt misaligned with time progress; work progress misaligned with time progress;,Work progress significantly ahead of schedule (Work% >> Time%); Low EAC efficiency -> potential effort risk; Actual start differs from planned start (possible late start)
DSFFLOW-2264,Green,0.78,16-Feb-26,Green,[In Prog] | [In Prog],Work progress significantly behind schedule (Work% << Time%); Low effort consumption relative to plan (Effort Prog < 50%); Low EAC efficiency -> potential effort risk
DSFFLOW-3513,Amber,0.68,26-Dec-25,Amber,[In Prog] time ticking without any work progress; late start; | [In Prog] time ticking without any work progress; late start;,Work progress significantly behind schedule (Work% << Time%); Low effort consumption relative to plan (Effort Prog < 50%); Low EAC efficiency -> potential effort risk; Actual start differs from planned start (possible late start)
DSFFLOW-3311,Green,0.9,30-Sep-25,Green,[In Prog] | [In Prog],Work progress significantly behind schedule (Work% << Time%); Low effort consumption relative to plan (Effort Prog < 50%); Low EAC efficiency -> potential effort risk; Actual start differs from planned start (possible late start)
DSFFLOW-2610,Red,0.62,31-Dec-25,Red,[In Prog] efforts burning without any work progress; time ticking without any work progress; | [In Prog] efforts burning without any work progress; time ticking without any work progress;,Work progress significantly behind schedule (Work% << Time%); Low EAC efficiency -> potential effort risk; Actual start differs from planned start (possible late start)
DSFFLOW-662,Red,0.67,31-Dec-26,Red,[In Prog] projecting 5%+ EAC effort overrun; efforts burnt outweighing work output; late start; | [In Prog] projecting 5%+ EAC effort overrun; efforts burnt outweighing work output; late start;,EAC efficiency negative -> projected effort overrun; Actual start differs from planned start (possible late start)
DSFFLOW-3562,Amber,0.7,30-Sep-25,Amber,[In Prog] projecting 1%+ EAC effort overrun ; efforts burnt misaligned with work progress; | [In Prog] projecting 1%+ EAC effort overrun ; efforts burnt misaligned with work progress;,Work progress significantly behind schedule (Work% << Time%); Low effort consumption relative to plan (Effort Prog < 50%); Low EAC efficiency -> potential effort risk
DSFFLOW-1697,Green,0.88,31-Aug-25,Green,[In Prog] late start; | [In Prog] late start;,Low EAC efficiency -> potential effort risk; Actual start differs from planned start (possible late start)
DSFFLOW-3836,Amber,0.71,29-Sep-25,Amber,[In Prog] projecting 1%+ EAC effort overrun ; late start; | [In Prog] projecting 1%+ EAC effort overrun ; late start;,Work progress significantly behind schedule (Work% << Time%); Low effort consumption relative to plan (Effort Prog < 50%); Low EAC efficiency -> potential effort risk; Actual start differs from planned start (possible late start)
DSFFLOW-3342,Green,0.99,21-Nov-25,Green,[In Prog] | [In Prog],Low effort consumption relative to plan (Effort Prog < 50%); Low EAC efficiency -> potential effort risk
DSFFLOW-3060,Green,0.99,28-Nov-25,Green,[In Prog] late start; | [In Prog] late start;,Work progress significantly behind schedule (Work% << Time%); Low effort consumption relative to plan (Effort Prog < 50%); Low EAC efficiency -> potential effort risk; Actual start differs from planned start (possible late start)
DSFFLOW-3498,Amber,0.76,31-Dec-25,Amber,[In Prog] time ticking without any work progress; late start; | [In Prog] time ticking without any work progress; late start;,Work progress significantly behind schedule (Work% << Time%); Low effort consumption relative to plan (Effort Prog < 50%); Low EAC efficiency -> potential effort risk; Actual start differs from planned start (possible late start)
DSFFLOW-1151,Green,0.98,28-Feb-26,Green,[In Prog] | [In Prog],Work progress significantly behind schedule (Work% << Time%); Low effort consumption relative to plan (Effort Prog < 50%); Low EAC efficiency -> potential effort risk
DSFFLOW-3852,Green,0.9,31-Dec-25,Green,[In Prog] late start; | [In Prog] late start;,Low effort consumption relative to plan (Effort Prog < 50%); Low EAC efficiency -> potential effort risk; Actual start differs from planned start (possible late start)
DSFFLOW-245,Red,0.65,01-Oct-25,Red,[In Prog] efforts burnt outweighing work output; work progress misaligned with time progress; | [In Prog] efforts burnt outweighing work output; work progress misaligned with time progress;,Work progress significantly behind schedule (Work% << Time%); Low EAC efficiency -> potential effort risk
DSFFLOW-4564,Green,0.92,15-Jan-26,Green,[In Prog] late start; | [In Prog] late start;,Low effort consumption relative to plan (Effort Prog < 50%); Low EAC efficiency -> potential effort risk; Actual start differs from planned start (possible late start)
DSFFLOW-2544,Amber,0.56,31-Oct-25,Amber,[In Prog] time ticking without any work progress; late start; | [In Prog] time ticking without any work progress; late start;,Work progress significantly behind schedule (Work% << Time%); Low effort consumption relative to plan (Effort Prog < 50%); Low EAC efficiency -> potential effort risk; Actual start differs from planned start (possible late start)
DSFFLOW-3327,Green,0.95,31-Oct-25,Green,[In Prog] | [In Prog],Low effort consumption relative to plan (Effort Prog < 50%); Low EAC efficiency -> potential effort risk; Actual start differs from planned start (possible late start)
DSFFLOW-4794,Green,0.95,29-Aug-25,Green,[In Prog] | [In Prog],Work progress significantly behind schedule (Work% << Time%); Low effort consumption relative to plan (Effort Prog < 50%); Low EAC efficiency -> potential effort risk; Actual start differs from planned start (possible late start)
DSFFLOW-4605,Green,0.95,31-Dec-26,Green,[In Prog] late start; | [In Prog] late start;,Low effort consumption relative to plan (Effort Prog < 50%); Low EAC efficiency -> potential effort risk; Actual start differs from planned start (possible late start)
DSFFLOW-4028,Amber,0.68,05-Sep-25,Amber,[In Prog] time ticking without any work progress; late start; | [In Prog] time ticking without any work progress; late start;,Work progress significantly behind schedule (Work% << Time%); Low effort consumption relative to plan (Effort Prog < 50%); Low EAC efficiency -> potential effort risk; Actual start differs from planned start (possible late start)
DSFFLOW-4379,Green,0.96,31-Dec-25,Green,[In Prog] | [In Prog],Low effort consumption relative to plan (Effort Prog < 50%); Low EAC efficiency -> potential effort risk; Actual start differs from planned start (possible late start)
DSFFLOW-1679,Green,0.91,31-Dec-26,Green,[In Prog] late start; | [In Prog] late start;,Low effort consumption relative to plan (Effort Prog < 50%); Low EAC efficiency -> potential effort risk; Actual start differs from planned start (possible late start)
DSFFLOW-2336,Amber,0.7,15-Aug-25,Amber,[In Prog] time ticking without any work progress; late start; | [In Prog] time ticking without any work progress; late start;,Work progress significantly behind schedule (Work% << Time%); Low effort consumption relative to plan (Effort Prog < 50%); Low EAC efficiency -> potential effort risk; Actual start differs from planned start (possible late start)
DSFFLOW-1994,Amber,0.45,10-Jul-25,Amber,[In Prog] efforts burnt misaligned with time progress; work progress misaligned with time progress; | [In Prog] efforts burnt misaligned with time progress; work progress misaligned with time progress;,Work progress significantly behind schedule (Work% << Time%); Low effort consumption relative to plan (Effort Prog < 50%); Low EAC efficiency -> potential effort risk; Actual start differs from planned start (possible late start)
DSFFLOW-4760,Green,0.95,29-Sep-25,Green,[In Prog] | [In Prog],Low effort consumption relative to plan (Effort Prog < 50%); Low EAC efficiency -> potential effort risk; Actual start differs from planned start (possible late start)
DSFFLOW-4694,Amber,0.7,30-Dec-25,Amber,[In Prog] time ticking without any work progress; late start; | [In Prog] time ticking without any work progress; late start;,Work progress significantly behind schedule (Work% << Time%); Low effort consumption relative to plan (Effort Prog < 50%); Low EAC efficiency -> potential effort risk; Actual start differs from planned start (possible late start)
DSFFLOW-4498,Green,0.97,15-Jan-26,Green,[In Prog] late start; | [In Prog] late start;,Low effort consumption relative to plan (Effort Prog < 50%); Low EAC efficiency -> potential effort risk; Actual start differs from planned start (possible late start)
DSFFLOW-970,Amber,0.67,29-Jul-25,Amber,[In Prog] time ticking without any work progress; late start; | [In Prog] time ticking without any work progress; late start;,Work progress significantly behind schedule (Work% << Time%); Low effort consumption relative to plan (Effort Prog < 50%); Low EAC efficiency -> potential effort risk; Actual start differs from planned start (possible late start)
DSFFLOW-2765,Amber,0.71,20-Dec-24,Amber,[In Prog] time ticking without any work progress; late start; | [In Prog] time ticking without any work progress; late start;,Work progress significantly behind schedule (Work% << Time%); Low effort consumption relative to plan (Effort Prog < 50%); Low EAC efficiency -> potential effort risk; Actual start differs from planned start (possible late start)
DSFFLOW-4483,Green,0.68,12-Sep-25,Green,[In Prog] work progress misaligned with time progress; early start; | [In Prog] work progress misaligned with time progress; early start;,Work progress significantly ahead of schedule (Work% >> Time%); Low effort consumption relative to plan (Effort Prog < 50%); Low EAC efficiency -> potential effort risk; Actual start differs from planned start (possible late start)
DSFFLOW-2674,Amber,0.62,30-Sep-25,Amber,[In Prog] time ticking without any work progress; late start; | [In Prog] time ticking without any work progress; late start;,Work progress significantly behind schedule (Work% << Time%); Low effort consumption relative to plan (Effort Prog < 50%); Low EAC efficiency -> potential effort risk; Actual start differs from planned start (possible late start)
DSFFLOW-4260,Green,0.87,29-Nov-25,Green,[In Prog] late start; | [In Prog] late start;,Work progress significantly behind schedule (Work% << Time%); Low effort consumption relative to plan (Effort Prog < 50%); Low EAC efficiency -> potential effort risk; Actual start differs from planned start (possible late start)
DSFFLOW-2843,Green,0.86,31-Dec-26,Green,[In Prog] | [In Prog],Low effort consumption relative to plan (Effort Prog < 50%); Low EAC efficiency -> potential effort risk; Actual start differs from planned start (possible late start)
DSFFLOW-4361,Amber,0.76,19-Dec-25,Amber,[In Prog] time ticking without any work progress; late start; | [In Prog] time ticking without any work progress; late start;,Work progress significantly behind schedule (Work% << Time%); Low effort consumption relative to plan (Effort Prog < 50%); Low EAC efficiency -> potential effort risk; Actual start differs from planned start (possible late start)
DSFFLOW-3596,Amber,0.46,12-Sep-25,Green,[In Prog] work progress misaligned with time progress; | [In Prog] work progress misaligned with time progress;,Work progress significantly behind schedule (Work% << Time%); Low effort consumption relative to plan (Effort Prog < 50%); Low EAC efficiency -> potential effort risk; Actual start differs from planned start (possible late start)
DSFFLOW-3029,Green,0.92,31-Dec-25,Green,[In Prog] late start; | [In Prog] late start;,Work progress significantly behind schedule (Work% << Time%); Low effort consumption relative to plan (Effort Prog < 50%); Low EAC efficiency -> potential effort risk; Actual start differs from planned start (possible late start)
DSFFLOW-4055,Amber,0.76,30-Sep-25,Amber,[In Prog] efforts burnt misaligned with work progress; | [In Prog] efforts burnt misaligned with work progress;,Work progress significantly ahead of schedule (Work% >> Time%); Low effort consumption relative to plan (Effort Prog < 50%); Low EAC efficiency -> potential effort risk
DSFFLOW-4442,Green,0.89,18-Sep-25,Green,[In Prog] late start; | [In Prog] late start;,Work progress significantly behind schedule (Work% << Time%); Low effort consumption relative to plan (Effort Prog < 50%); Low EAC efficiency -> potential effort risk; Actual start differs from planned start (possible late start)
DSFFLOW-535,Red,0.71,29-May-25,Red,[In Prog] effort budget breached; projecting 5%+ EAC effort overrun; efforts burnt misaligned with work progress; efforts burnt misaligned with time progress; | [In Prog] effort budget breached; projecting 5%+ EAC effort overrun; efforts burnt misaligned with work progress; efforts burnt misaligned with time progress;,Effort consumed is much higher than planned (Effort Prog > 120%); EAC efficiency negative -> projected effort overrun
DSFFLOW-3093,Green,0.97,31-Mar-26,Green,[In Prog] late start; | [In Prog] late start;,Low effort consumption relative to plan (Effort Prog < 50%); Low EAC efficiency -> potential effort risk; Actual start differs from planned start (possible late start)
DSFFLOW-2962,Amber,0.76,30-Dec-25,Amber,[In Prog] time ticking without any work progress; late start; | [In Prog] time ticking without any work progress; late start;,Work progress significantly behind schedule (Work% << Time%); Low effort consumption relative to plan (Effort Prog < 50%); Low EAC efficiency -> potential effort risk; Actual start differs from planned start (possible late start)
DSFFLOW-2435,Amber,0.54,30-Jun-25,Amber,[In Prog] time ticking without any work progress; efforts burnt misaligned with work progress; late start; | [In Prog] time ticking without any work progress; efforts burnt misaligned with work progress; late start;,Work progress significantly behind schedule (Work% << Time%); Low effort consumption relative to plan (Effort Prog < 50%); Low EAC efficiency -> potential effort risk; Actual start differs from planned start (possible late start)
DSFFLOW-4299,Amber,0.77,31-Oct-25,Amber,[In Prog] time ticking without any work progress; late start; | [In Prog] time ticking without any work progress; late start;,Work progress significantly behind schedule (Work% << Time%); Low effort consumption relative to plan (Effort Prog < 50%); Low EAC efficiency -> potential effort risk; Actual start differs from planned start (possible late start)
DSFFLOW-4677,Green,0.96,31-Dec-26,Green,[In Prog] | [In Prog],Low effort consumption relative to plan (Effort Prog < 50%); Low EAC efficiency -> potential effort risk
DSFFLOW-4213,Green,0.91,31-Oct-25,Green,[In Prog] | [In Prog],Work progress significantly behind schedule (Work% << Time%); Low effort consumption relative to plan (Effort Prog < 50%); Low EAC efficiency -> potential effort risk; Actual start differs from planned start (possible late start)
DSFFLOW-4343,Amber,0.74,19-Dec-25,Amber,[In Prog] time ticking without any work progress; late start; | [In Prog] time ticking without any work progress; late start;,Work progress significantly behind schedule (Work% << Time%); Low effort consumption relative to plan (Effort Prog < 50%); Low EAC efficiency -> potential effort risk; Actual start differs from planned start (possible late start)
DSFFLOW-591,Amber,0.69,30-Jun-25,Amber,[In Prog] efforts burnt misaligned with work progress; efforts burnt misaligned with time progress; work progress misaligned with time progress; late start; | [In Prog] efforts burnt misaligned with work progress; efforts burnt misaligned with time progress; work progress misaligned with time progress; late start;,Work progress significantly behind schedule (Work% << Time%); Actual start differs from planned start (possible late start)
DSFFLOW-3685,Amber,0.7,14-Sep-25,Amber,[In Prog] efforts burnt misaligned with time progress; work progress misaligned with time progress; actual End Date exceeds Today; | [In Prog] efforts burnt misaligned with time progress; work progress misaligned with time progress; actual End Date exceeds Today;,Work progress significantly behind schedule (Work% << Time%); Low effort consumption relative to plan (Effort Prog < 50%); Low EAC efficiency -> potential effort risk; Actual start differs from planned start (possible late start)
DSFFLOW-3812,Green,0.92,30-Dec-25,Green,[In Prog] late start; | [In Prog] late start;,Work progress significantly behind schedule (Work% << Time%); Low effort consumption relative to plan (Effort Prog < 50%); Low EAC efficiency -> potential effort risk; Actual start differs from planned start (possible late start)
DSFFLOW-3715,Amber,0.78,30-Aug-25,Amber,[In Prog] efforts burnt misaligned with work progress; work progress misaligned with time progress; late start; | [In Prog] efforts burnt misaligned with work progress; work progress misaligned with time progress; late start;,Work progress significantly behind schedule (Work% << Time%); Low EAC efficiency -> potential effort risk; Actual start differs from planned start (possible late start)
DSFFLOW-4744,Green,0.69,31-Dec-25,Green,[In Prog] work progress misaligned with time progress; late start; | [In Prog] work progress misaligned with time progress; late start;,Work progress significantly behind schedule (Work% << Time%); Low effort consumption relative to plan (Effort Prog < 50%); Low EAC efficiency -> potential effort risk; Actual start differs from planned start (possible late start)
DSFFLOW-2708,Green,0.62,31-Oct-25,Green,[In Prog] late start; | [In Prog] late start;,Work progress significantly behind schedule (Work% << Time%); Low effort consumption relative to plan (Effort Prog < 50%); Low EAC efficiency -> potential effort risk; Actual start differs from planned start (possible late start)
DSFFLOW-4411,Green,0.93,30-Sep-25,Green,[In Prog] | [In Prog],Low effort consumption relative to plan (Effort Prog < 50%); Actual start differs from planned start (possible late start)
DSFFLOW-4230,Green,0.92,21-Aug-25,Green,[In Prog] | [In Prog],Work progress significantly behind schedule (Work% << Time%); Low EAC efficiency -> potential effort risk; Actual start differs from planned start (possible late start)
DSFFLOW-3127,Amber,0.74,30-Aug-25,Amber,[In Prog] time ticking without any work progress; late start; | [In Prog] time ticking without any work progress; late start;,Work progress significantly behind schedule (Work% << Time%); Low effort consumption relative to plan (Effort Prog < 50%); Low EAC efficiency -> potential effort risk; Actual start differs from planned start (possible late start)
DSFFLOW-4198,Green,0.93,15-Sep-25,Green,[In Prog] | [In Prog],Low effort consumption relative to plan (Effort Prog < 50%); Low EAC efficiency -> potential effort risk; Actual start differs from planned start (possible late start)
DSFFLOW-3078,Amber,0.66,19-Sep-25,Amber,[In Prog] efforts burnt misaligned with time progress; work progress misaligned with time progress; actual End Date exceeds Today; | [In Prog] efforts burnt misaligned with time progress; work progress misaligned with time progress; actual End Date exceeds Today;,Work progress significantly behind schedule (Work% << Time%); Low effort consumption relative to plan (Effort Prog < 50%); Low EAC efficiency -> potential effort risk; Actual start differs from planned start (possible late start)
DSFFLOW-4245,Green,0.96,30-Sep-25,Green,[In Prog] late start; | [In Prog] late start;,Work progress significantly behind schedule (Work% << Time%); Low effort consumption relative to plan (Effort Prog < 50%); Low EAC efficiency -> potential effort risk; Actual start differs from planned start (possible late start)
DSFFLOW-2575,Green,0.96,01-Dec-25,Green,[In Prog] late start; | [In Prog] late start;,Work progress significantly behind schedule (Work% << Time%); Low effort consumption relative to plan (Effort Prog < 50%); Low EAC efficiency -> potential effort risk; Actual start differs from planned start (possible late start)
DSFFLOW-3745,Green,0.79,26-Dec-25,Green,[In Prog] late start; | [In Prog] late start;,Low effort consumption relative to plan (Effort Prog < 50%); Low EAC efficiency -> potential effort risk; Actual start differs from planned start (possible late start)
DSFFLOW-4588,Green,0.89,30-Jun-26,Green,[In Prog] late start; | [In Prog] late start;,Low effort consumption relative to plan (Effort Prog < 50%); Low EAC efficiency -> potential effort risk; Actual start differs from planned start (possible late start)
DSFFLOW-64,Green,0.89,30-Aug-25,Green,[In Prog] late start; | [In Prog] late start;,Low EAC efficiency -> potential effort risk; Actual start differs from planned start (possible late start)
DSFFLOW-677,Green,0.5,31-Dec-25,Green,[In Prog] early start; actual End Date exceeds Today; | [In Prog] early start; actual End Date exceeds Today;,Low EAC efficiency -> potential effort risk; Actual start differs from planned start (possible late start)
DSFFLOW-993,Amber,0.72,31-Dec-25,Amber,[In Prog] efforts burnt misaligned with work progress; work progress misaligned with time progress; actual End Date exceeds Today; | [In Prog] efforts burnt misaligned with work progress; work progress misaligned with time progress; actual End Date exceeds Today;,Work progress significantly behind schedule (Work% << Time%); Low EAC efficiency -> potential effort risk
DSFFLOW-2009,Green,0.94,31-Mar-26,Green,[In Prog] late start; | [In Prog] late start;,Work progress significantly ahead of schedule (Work% >> Time%); Low EAC efficiency -> potential effort risk; Actual start differs from planned start (possible late start)
DSFFLOW-2882,Amber,0.88,18-Nov-25,Amber,[In Prog] efforts burnt misaligned with work progress; late start; | [In Prog] efforts burnt misaligned with work progress; late start;,Work progress significantly behind schedule (Work% << Time%); Low effort consumption relative to plan (Effort Prog < 50%); Low EAC efficiency -> potential effort risk; Actual start differs from planned start (possible late start)
DSFFLOW-4140,Amber,0.71,30-Dec-25,Amber,[In Prog] time ticking without any work progress; efforts burnt misaligned with work progress; late start; | [In Prog] time ticking without any work progress; efforts burnt misaligned with work progress; late start;,Work progress significantly behind schedule (Work% << Time%); Low effort consumption relative to plan (Effort Prog < 50%); Low EAC efficiency -> potential effort risk; Actual start differs from planned start (possible late start)
DSFFLOW-1278,Green,0.66,19-Sep-25,Green,[In Prog] work progress misaligned with time progress; late start; actual End Date exceeds Today; | [In Prog] work progress misaligned with time progress; late start; actual End Date exceeds Today;,Work progress significantly behind schedule (Work% << Time%); Low EAC efficiency -> potential effort risk; Actual start differs from planned start (possible late start)
DSFFLOW-1119,Green,0.95,31-Dec-25,Green,[In Prog] late start; | [In Prog] late start;,Low effort consumption relative to plan (Effort Prog < 50%); Low EAC efficiency -> potential effort risk; Actual start differs from planned start (possible late start)
DSFFLOW-3760,Amber,0.6,31-Mar-26,Amber,[In Prog] time ticking without any work progress; late start; | [In Prog] time ticking without any work progress; late start;,Work progress significantly behind schedule (Work% << Time%); Low effort consumption relative to plan (Effort Prog < 50%); Low EAC efficiency -> potential effort risk; Actual start differs from planned start (possible late start)
DSFFLOW-1568,Amber,0.85,28-Aug-25,Amber,[In Prog] projecting 1%+ EAC effort overrun ; efforts burnt misaligned with work progress; work progress misaligned with time progress; late start; | [In Prog] projecting 1%+ EAC effort overrun ; efforts burnt misaligned with work progress; work progress misaligned with time progress; late start;,Work progress significantly behind schedule (Work% << Time%); Low EAC efficiency -> potential effort risk; Actual start differs from planned start (possible late start)
DSFFLOW-3109,Amber,0.66,29-Aug-25,Amber,[In Prog] efforts burnt misaligned with time progress; work progress misaligned with time progress; actual End Date exceeds Today; | [In Prog] efforts burnt misaligned with time progress; work progress misaligned with time progress; actual End Date exceeds Today;,Work progress significantly behind schedule (Work% << Time%); Low effort consumption relative to plan (Effort Prog < 50%); Low EAC efficiency -> potential effort risk
DSFFLOW-1103,Green,0.66,30-Aug-25,Green,[In Prog] | [In Prog],Low EAC efficiency -> potential effort risk; Actual start differs from planned start (possible late start)
DSFFLOW-1713,Amber,0.6,30-Jul-25,Amber,[In Prog] efforts burnt misaligned with work progress; efforts burnt misaligned with time progress; work progress misaligned with time progress; late start; | [In Prog] efforts burnt misaligned with work progress; efforts burnt misaligned with time progress; work progress misaligned with time progress; late start;,Work progress significantly behind schedule (Work% << Time%); Low effort consumption relative to plan (Effort Prog < 50%); Low EAC efficiency -> potential effort risk; Actual start differs from planned start (possible late start)
DSFFLOW-4085,Green,0.99,14-Nov-25,Green,[In Prog] late start; | [In Prog] late start;,Work progress significantly behind schedule (Work% << Time%); Low effort consumption relative to plan (Effort Prog < 50%); Low EAC efficiency -> potential effort risk; Actual start differs from planned start (possible late start)
DSFFLOW-4778,Green,0.64,30-Aug-25,Green,[In Prog] late start; | [In Prog] late start;,Low EAC efficiency -> potential effort risk; Actual start differs from planned start (possible late start)
DSFFLOW-576,Green,0.9,10-Oct-25,Green,[In Prog] late start; | [In Prog] late start;,Work progress significantly behind schedule (Work% << Time%); Low EAC efficiency -> potential effort risk; Actual start differs from planned start (possible late start)
DSFFLOW-2656,Green,0.98,19-Dec-25,Green,[In Prog] | [In Prog],Low effort consumption relative to plan (Effort Prog < 50%); Low EAC efficiency -> potential effort risk
DSFFLOW-1662,Green,0.6,15-Sep-25,Green,[In Prog] early start; actual End Date exceeds Today; | [In Prog] early start; actual End Date exceeds Today;,Work progress significantly behind schedule (Work% << Time%); Low EAC efficiency -> potential effort risk; Actual start differs from planned start (possible late start)
DSFFLOW-3044,Green,0.96,31-Dec-25,Green,[In Prog] | [In Prog],Low effort consumption relative to plan (Effort Prog < 50%); Low EAC efficiency -> potential effort risk; Actual start differs from planned start (possible late start)
DSFFLOW-1911,Green,0.94,30-Nov-25,Green,[In Prog] late start; | [In Prog] late start;,Low effort consumption relative to plan (Effort Prog < 50%); Low EAC efficiency -> potential effort risk; Actual start differs from planned start (possible late start)
DSFFLOW-2402,Green,0.98,30-Jun-26,Green,[In Prog] late start; | [In Prog] late start;,Low effort consumption relative to plan (Effort Prog < 50%); Low EAC efficiency -> potential effort risk; Actual start differs from planned start (possible late start)
DSFFLOW-115,Green,0.93,29-Aug-25,Green,[In Prog] late start; | [In Prog] late start;,Work progress significantly behind schedule (Work% << Time%); Actual start differs from planned start (possible late start)
DSFFLOW-1307,Amber,0.78,21-Aug-25,Amber,[In Prog] efforts burnt misaligned with work progress; | [In Prog] efforts burnt misaligned with work progress;,Low effort consumption relative to plan (Effort Prog < 50%)
DSFFLOW-1584,Green,0.92,15-Sep-25,Green,[In Prog] | [In Prog],Low EAC efficiency -> potential effort risk
DSFFLOW-2123,Green,0.95,30-Oct-26,Green,[In Prog] late start; | [In Prog] late start;,Low effort consumption relative to plan (Effort Prog < 50%); Low EAC efficiency -> potential effort risk; Actual start differs from planned start (possible late start)
DSFFLOW-3475,Amber,0.83,29-Sep-25,Amber,[In Prog] efforts burnt misaligned with work progress; work progress misaligned with time progress; | [In Prog] efforts burnt misaligned with work progress; work progress misaligned with time progress;,Work progress significantly behind schedule (Work% << Time%); Low EAC efficiency -> potential effort risk; Actual start differs from planned start (possible late start)
DSFFLOW-2078,Red,0.63,06-Sep-25,Red,[In Prog] effort budget breached; projecting 5%+ EAC effort overrun; efforts burnt misaligned with work progress; late start; | [In Prog] effort budget breached; projecting 5%+ EAC effort overrun; efforts burnt misaligned with work progress; late start;,EAC efficiency negative -> projected effort overrun; Actual start differs from planned start (possible late start)
DSFFLOW-2641,Green,0.96,29-Sep-25,Green,[In Prog] | [In Prog],Low effort consumption relative to plan (Effort Prog < 50%); Low EAC efficiency -> potential effort risk
DSFFLOW-2513,Red,0.55,31-Dec-25,Red,[In Prog] efforts burning without any work progress; time ticking without any work progress; late start; | [In Prog] efforts burning without any work progress; time ticking without any work progress; late start;,Work progress significantly behind schedule (Work% << Time%); Low EAC efficiency -> potential effort risk; Actual start differs from planned start (possible late start)
DSFFLOW-4070,Green,0.65,31-Dec-27,Green,[In Prog] late start; Delivery Manager not assigned | [In Prog] late start; Delivery Manager not assigned,Low effort consumption relative to plan (Effort Prog < 50%); Low EAC efficiency -> potential effort risk; Actual start differs from planned start (possible late start)
DSFFLOW-2047,Green,1.0,31-Aug-26,Green,[In Prog] late start; | [In Prog] late start;,Low effort consumption relative to plan (Effort Prog < 50%); Low EAC efficiency -> potential effort risk; Actual start differs from planned start (possible late start)
DSFFLOW-2724,Green,0.73,29-Sep-25,Green,[In Prog] work progress misaligned with time progress; late start; | [In Prog] work progress misaligned with time progress; late start;,Work progress significantly behind schedule (Work% << Time%); Low effort consumption relative to plan (Effort Prog < 50%); Low EAC efficiency -> potential effort risk; Actual start differs from planned start (possible late start)
DSFFLOW-862,Amber,0.75,31-Dec-25,Amber,[In Prog] projecting 1%+ EAC effort overrun ; efforts burnt misaligned with work progress; late start; | [In Prog] projecting 1%+ EAC effort overrun ; efforts burnt misaligned with work progress; late start;,Low EAC efficiency -> potential effort risk; Actual start differs from planned start (possible late start)
DSFFLOW-151,Green,0.95,31-Aug-25,Green,[In Prog] | [In Prog],Work progress significantly behind schedule (Work% << Time%); Low EAC efficiency -> potential effort risk
DSFFLOW-1416,Amber,0.74,31-Dec-25,Amber,[In Prog] efforts burnt misaligned with work progress; late start; | [In Prog] efforts burnt misaligned with work progress; late start;,Work progress significantly behind schedule (Work% << Time%); Low effort consumption relative to plan (Effort Prog < 50%); Low EAC efficiency -> potential effort risk; Actual start differs from planned start (possible late start)
DSFFLOW-2384,Green,0.5,31-Dec-26,Green,[In Prog] late start; Delivery Manager not assigned | [In Prog] late start; Delivery Manager not assigned,Low effort consumption relative to plan (Effort Prog < 50%); Low EAC efficiency -> potential effort risk; Actual start differs from planned start (possible late start)
DSFFLOW-2529,Amber,0.46,29-Aug-25,Red,[In Prog] efforts burnt outweighing work output; work lagging as effort nears budget; work progress misaligned with time progress; | [In Prog] efforts burnt outweighing work output; work lagging as effort nears budget; work progress misaligned with time progress;,Work progress significantly behind schedule (Work% << Time%); Low EAC efficiency -> potential effort risk; Actual start differs from planned start (possible late start)
DSFFLOW-206,Amber,0.61,18-Dec-25,Green,[In Prog] late start; actual End Date exceeds Today; Delivery Manager not assigned | [In Prog] late start; actual End Date exceeds Today; Delivery Manager not assigned,Work progress significantly behind schedule (Work% << Time%); Low EAC efficiency -> potential effort risk; Actual start differs from planned start (possible late start)
DSFFLOW-1041,Amber,0.41,30-Apr-27,Amber,[In Prog] efforts burnt misaligned with time progress; work progress misaligned with time progress; | [In Prog] efforts burnt misaligned with time progress; work progress misaligned with time progress;,Work progress significantly ahead of schedule (Work% >> Time%); Low EAC efficiency -> potential effort risk; Actual start differs from planned start (possible late start)
DSFFLOW-2482,Red,0.75,12-Dec-25,Red,[In Prog] efforts burnt outweighing work output; late start; | [In Prog] efforts burnt outweighing work output; late start;,Work progress significantly behind schedule (Work% << Time%); Low EAC efficiency -> potential effort risk; Actual start differs from planned start (possible late start)
DSFFLOW-3396,Amber,0.83,10-Oct-25,Amber,[In Prog] efforts burnt misaligned with work progress; late start; | [In Prog] efforts burnt misaligned with work progress; late start;,Low EAC efficiency -> potential effort risk; Actual start differs from planned start (possible late start)
DSFFLOW-3142,Amber,0.76,14-Sep-25,Amber,[In Prog] time ticking without any work progress; efforts burnt misaligned with work progress; late start; | [In Prog] time ticking without any work progress; efforts burnt misaligned with work progress; late start;,Work progress significantly behind schedule (Work% << Time%); Low effort consumption relative to plan (Effort Prog < 50%); Low EAC efficiency -> potential effort risk; Actual start differs from planned start (possible late start)
DSFFLOW-741,Green,0.51,31-Aug-25,Red,[In Prog] projecting 5%+ EAC effort overrun; late start; | [In Prog] projecting 5%+ EAC effort overrun; late start;,Low EAC efficiency -> potential effort risk; Actual start differs from planned start (possible late start)
DSFFLOW-2234,Amber,0.81,31-Oct-25,Amber,[In Prog] efforts burnt misaligned with work progress; work progress misaligned with time progress; late start; | [In Prog] efforts burnt misaligned with work progress; work progress misaligned with time progress; late start;,Work progress significantly ahead of schedule (Work% >> Time%); Actual start differs from planned start (possible late start)
DSFFLOW-798,Red,0.44,20-Mar-26,Red,[In Prog] projecting 5%+ EAC effort overrun; time ticking without any work progress; late start; | [In Prog] projecting 5%+ EAC effort overrun; time ticking without any work progress; late start;,Work progress significantly behind schedule (Work% << Time%); Low effort consumption relative to plan (Effort Prog < 50%); EAC efficiency negative -> projected effort overrun; Actual start differs from planned start (possible late start)
DSFFLOW-1729,Green,0.99,31-Oct-25,Green,[In Prog] late start; | [In Prog] late start;,Work progress significantly behind schedule (Work% << Time%); Low effort consumption relative to plan (Effort Prog < 50%); Low EAC efficiency -> potential effort risk; Actual start differs from planned start (possible late start)
DSFFLOW-447,Green,0.69,05-Dec-25,Green,[In Prog] late start; | [In Prog] late start;,Low EAC efficiency -> potential effort risk; Actual start differs from planned start (possible late start)
DSFFLOW-1263,Amber,0.77,01-Aug-25,Amber,[In Prog] efforts burnt misaligned with work progress; efforts burnt misaligned with time progress; work progress misaligned with time progress; late start; | [In Prog] efforts burnt misaligned with work progress; efforts burnt misaligned with time progress; work progress misaligned with time progress; late start;,Work progress significantly behind schedule (Work% << Time%); Low EAC efficiency -> potential effort risk; Actual start differs from planned start (possible late start)
DSFFLOW-1840,Green,0.96,29-Nov-25,Green,[In Prog] late start; | [In Prog] late start;,Low effort consumption relative to plan (Effort Prog < 50%); Low EAC efficiency -> potential effort risk; Actual start differs from planned start (possible late start)
DSFFLOW-760,Green,0.96,20-Apr-26,Green,[In Prog] late start; | [In Prog] late start;,Low effort consumption relative to plan (Effort Prog < 50%); Low EAC efficiency -> potential effort risk; Actual start differs from planned start (possible late start)
DSFFLOW-462,Red,0.76,30-Jun-25,Red,[In Prog] projecting 5%+ EAC effort overrun; efforts burnt outweighing work output; work lagging as effort nears budget; work progress misaligned with time progress; late start; | [In Prog] projecting 5%+ EAC effort overrun; efforts burnt outweighing work output; work lagging as effort nears budget; work progress misaligned with time progress; late start;,Work progress significantly behind schedule (Work% << Time%); EAC efficiency negative -> projected effort overrun; Actual start differs from planned start (possible late start)
DSFFLOW-1599,Green,0.96,30-Sep-25,Green,[In Prog] late start; | [In Prog] late start;,Work progress significantly behind schedule (Work% << Time%); Low effort consumption relative to plan (Effort Prog < 50%); Low EAC efficiency -> potential effort risk; Actual start differs from planned start (possible late start)
DSFFLOW-3870,Amber,0.66,24-Dec-25,Amber,[In Prog] efforts burnt misaligned with work progress; late start; | [In Prog] efforts burnt misaligned with work progress; late start;,Low EAC efficiency -> potential effort risk; Actual start differs from planned start (possible late start)
DSFFLOW-952,Red,0.74,29-Jun-25,Red,[In Prog] efforts burnt outweighing work output; efforts burnt misaligned with time progress; work progress misaligned with time progress; | [In Prog] efforts burnt outweighing work output; efforts burnt misaligned with time progress; work progress misaligned with time progress;,Work progress significantly behind schedule (Work% << Time%); Low EAC efficiency -> potential effort risk
DSFFLOW-3786,Amber,0.67,31-Mar-26,Amber,[In Prog] time ticking without any work progress; late start; | [In Prog] time ticking without any work progress; late start;,Work progress significantly behind schedule (Work% << Time%); Low effort consumption relative to plan (Effort Prog < 50%); Low EAC efficiency -> potential effort risk; Actual start differs from planned start (possible late start)
DSFFLOW-2593,Green,0.92,31-Dec-25,Green,[In Prog] late start; | [In Prog] late start;,Work progress significantly behind schedule (Work% << Time%); Low effort consumption relative to plan (Effort Prog < 50%); Low EAC efficiency -> potential effort risk; Actual start differs from planned start (possible late start)
DSFFLOW-2219,Red,0.68,12-Dec-25,Red,[In Prog] work lagging as effort nears budget; efforts burnt misaligned with work progress; efforts burnt misaligned with time progress; late start; | [In Prog] work lagging as effort nears budget; efforts burnt misaligned with work progress; efforts burnt misaligned with time progress; late start;,Work progress significantly ahead of schedule (Work% >> Time%); Low EAC efficiency -> potential effort risk; Actual start differs from planned start (possible late start)
DSFFLOW-611,Amber,0.77,31-Dec-25,Amber,[In Prog] time ticking without any work progress; efforts burnt misaligned with work progress; late start; | [In Prog] time ticking without any work progress; efforts burnt misaligned with work progress; late start;,Work progress significantly behind schedule (Work% << Time%); Low effort consumption relative to plan (Effort Prog < 50%); Low EAC efficiency -> potential effort risk; Actual start differs from planned start (possible late start)
DSFFLOW-2467,Amber,0.82,30-Nov-25,Amber,[In Prog] efforts burnt misaligned with work progress; late start; | [In Prog] efforts burnt misaligned with work progress; late start;,Work progress significantly behind schedule (Work% << Time%); Low effort consumption relative to plan (Effort Prog < 50%); Low EAC efficiency -> potential effort risk; Actual start differs from planned start (possible late start)
DSFFLOW-2689,Green,0.76,31-Mar-26,Green,[In Prog] late start; | [In Prog] late start;,Low effort consumption relative to plan (Effort Prog < 50%); Low EAC efficiency -> potential effort risk; Actual start differs from planned start (possible late start)
DSFFLOW-2750,Green,0.99,26-Dec-25,Green,[In Prog] late start; | [In Prog] late start;,Work progress significantly behind schedule (Work% << Time%); Low effort consumption relative to plan (Effort Prog < 50%); Low EAC efficiency -> potential effort risk; Actual start differs from planned start (possible late start)
DSFFLOW-1894,Amber,0.68,30-Dec-25,Amber,[In Prog] efforts burnt misaligned with work progress; work progress misaligned with time progress; late start; | [In Prog] efforts burnt misaligned with work progress; work progress misaligned with time progress; late start;,Work progress significantly behind schedule (Work% << Time%); Low effort consumption relative to plan (Effort Prog < 50%); Low EAC efficiency -> potential effort risk; Actual start differs from planned start (possible late start)
DSFFLOW-1368,Red,0.58,31-Dec-25,Red,[In Prog] efforts burning without any work progress; time ticking without any work progress; late start; | [In Prog] efforts burning without any work progress; time ticking without any work progress; late start;,Work progress significantly behind schedule (Work% << Time%); Low EAC efficiency -> potential effort risk; Actual start differs from planned start (possible late start)
DSFFLOW-1247,Amber,0.79,31-Dec-25,Amber,[In Prog] time ticking without any work progress; efforts burnt misaligned with work progress; late start; | [In Prog] time ticking without any work progress; efforts burnt misaligned with work progress; late start;,Work progress significantly behind schedule (Work% << Time%); Low effort consumption relative to plan (Effort Prog < 50%); Low EAC efficiency -> potential effort risk; Actual start differs from planned start (possible late start)
DSFFLOW-2169,Green,0.95,20-Aug-27,Green,[In Prog] late start; | [In Prog] late start;,Low effort consumption relative to plan (Effort Prog < 50%); Low EAC efficiency -> potential effort risk; Actual start differs from planned start (possible late start)
DSFFLOW-2107,Amber,0.69,27-Feb-26,Amber,[In Prog] time ticking without any work progress; late start; | [In Prog] time ticking without any work progress; late start;,Work progress significantly behind schedule (Work% << Time%); Low effort consumption relative to plan (Effort Prog < 50%); Low EAC efficiency -> potential effort risk; Actual start differs from planned start (possible late start)
DSFFLOW-2497,Green,0.95,27-Feb-26,Green,[In Prog] late start; | [In Prog] late start;,Low effort consumption relative to plan (Effort Prog < 50%); Low EAC efficiency -> potential effort risk; Actual start differs from planned start (possible late start)
DSFFLOW-3233,Red,0.73,15-Aug-25,Red,[In Prog] efforts burnt outweighing work output; work progress misaligned with time progress; late start; | [In Prog] efforts burnt outweighing work output; work progress misaligned with time progress; late start;,Work progress significantly behind schedule (Work% << Time%); Low EAC efficiency -> potential effort risk; Actual start differs from planned start (possible late start)
DSFFLOW-1057,Amber,0.71,30-Jan-26,Amber,[In Prog] efforts burnt misaligned with time progress; work progress misaligned with time progress; late start; actual End Date exceeds Today; | [In Prog] efforts burnt misaligned with time progress; work progress misaligned with time progress; late start; actual End Date exceeds Today;,Work progress significantly behind schedule (Work% << Time%); Low effort consumption relative to plan (Effort Prog < 50%); Low EAC efficiency -> potential effort risk; Actual start differs from planned start (possible late start)
DSFFLOW-2249,Amber,0.51,19-Sep-25,Amber,[In Prog] efforts burnt misaligned with time progress; work progress misaligned with time progress; | [In Prog] efforts burnt misaligned with time progress; work progress misaligned with time progress;,Work progress significantly behind schedule (Work% << Time%); Low effort consumption relative to plan (Effort Prog < 50%); Low EAC efficiency -> potential effort risk; Actual start differs from planned start (possible late start)
DSFFLOW-1166,Green,0.97,30-Dec-25,Green,[In Prog] late start; | [In Prog] late start;,Low effort consumption relative to plan (Effort Prog < 50%); Low EAC efficiency -> potential effort risk; Actual start differs from planned start (possible late start)
DSFFLOW-2321,Green,0.89,29-Aug-25,Green,[In Prog] late start; | [In Prog] late start;,Work progress significantly behind schedule (Work% << Time%); Low EAC efficiency -> potential effort risk; Actual start differs from planned start (possible late start)
DSFFLOW-507,Green,0.75,30-Sep-25,Green,[In Prog] late start; | [In Prog] late start;,Actual start differs from planned start (possible late start)
DSFFLOW-1926,Amber,0.78,31-Dec-26,Amber,[In Prog] efforts burnt misaligned with work progress; late start; | [In Prog] efforts burnt misaligned with work progress; late start;,Low effort consumption relative to plan (Effort Prog < 50%); Low EAC efficiency -> potential effort risk; Actual start differs from planned start (possible late start)
DSFFLOW-1087,Amber,0.82,29-Nov-25,Amber,[In Prog] efforts burnt misaligned with work progress; | [In Prog] efforts burnt misaligned with work progress;,Low EAC efficiency -> potential effort risk; Actual start differs from planned start (possible late start)
DSFFLOW-1337,Green,0.94,30-Oct-26,Green,[In Prog] late start; | [In Prog] late start;,Work progress significantly behind schedule (Work% << Time%); Low effort consumption relative to plan (Effort Prog < 50%); Low EAC efficiency -> potential effort risk; Actual start differs from planned start (possible late start)
DSFFLOW-3669,Amber,0.6,30-Oct-25,Amber,[In Prog] time ticking without any work progress; late start; | [In Prog] time ticking without any work progress; late start;,Work progress significantly behind schedule (Work% << Time%); Low effort consumption relative to plan (Effort Prog < 50%); Low EAC efficiency -> potential effort risk; Actual start differs from planned start (possible late start)
DSFFLOW-477,Amber,0.8,28-Feb-26,Amber,[In Prog] efforts burnt misaligned with work progress; late start; | [In Prog] efforts burnt misaligned with work progress; late start;,Low EAC efficiency -> potential effort risk; Actual start differs from planned start (possible late start)
DSFFLOW-2368,Amber,0.36,31-Aug-33,Amber,[On Hold] efforts burnt misaligned with time progress; late start; | [On Hold] efforts burnt misaligned with time progress; late start;,Work progress significantly ahead of schedule (Work% >> Time%); Low EAC efficiency -> potential effort risk; Actual start differs from planned start (possible late start)
DSFFLOW-133,Amber,0.68,15-Aug-25,Amber,[On Hold] projecting 1%+ EAC effort overrun ; efforts burnt misaligned with time progress; work progress misaligned with time progress; late start; | [On Hold] projecting 1%+ EAC effort overrun ; efforts burnt misaligned with time progress; work progress misaligned with time progress; late start;,Work progress significantly behind schedule (Work% << Time%); Low EAC efficiency -> potential effort risk; Actual start differs from planned start (possible late start)
DSFFLOW-2452,Green,0.76,27-Feb-26,Green,[On Hold] late start; | [On Hold] late start;,Work progress significantly behind schedule (Work% << Time%); Low effort consumption relative to plan (Effort Prog < 50%); Low EAC efficiency -> potential effort risk; Actual start differs from planned start (possible late start)
DSFFLOW-3443,Red,0.65,19-Sep-25,Red,[On Hold] projecting 5%+ EAC effort overrun; efforts burnt misaligned with work progress; efforts burnt misaligned with time progress; | [On Hold] projecting 5%+ EAC effort overrun; efforts burnt misaligned with work progress; efforts burnt misaligned with time progress;,Work progress significantly ahead of schedule (Work% >> Time%); EAC efficiency negative -> projected effort overrun
DSFFLOW-2931,Green,0.75,30-Dec-25,Green,[On Hold] | [On Hold],Work progress significantly behind schedule (Work% << Time%); Low effort consumption relative to plan (Effort Prog < 50%); Low EAC efficiency -> potential effort risk; Actual start differs from planned start (possible late start)
DSFFLOW-1646,Green,0.74,30-Sep-25,Green,[On Hold] early start; | [On Hold] early start;,Low effort consumption relative to plan (Effort Prog < 50%); Low EAC efficiency -> potential effort risk; Actual start differs from planned start (possible late start)
DSFFLOW-3265,Amber,0.86,20-Nov-25,Amber,[Assigned] with 96 days past due start date; | [Assigned] with 96 days past due start date;,Work progress significantly behind schedule (Work% << Time%); Low effort consumption relative to plan (Effort Prog < 50%); Low EAC efficiency -> potential effort risk
DSFFLOW-4850,Amber,0.83,25-Oct-25,Amber,[Assigned] with 8 days past due start date; | [Assigned] with 8 days past due start date;,Low effort consumption relative to plan (Effort Prog < 50%); Low EAC efficiency -> potential effort risk
DSFFLOW-4624,Amber,0.77,29-Jun-26,Amber,[Assigned] with 10 days past due start date; | [Assigned] with 10 days past due start date;,Low effort consumption relative to plan (Effort Prog < 50%); Low EAC efficiency -> potential effort risk
DSFFLOW-4628,Amber,0.79,29-Jun-26,Amber,[Assigned] with 10 days past due start date; | [Assigned] with 10 days past due start date;,Low effort consumption relative to plan (Effort Prog < 50%); Low EAC efficiency -> potential effort risk
DSFFLOW-4636,Amber,0.86,29-Jun-26,Amber,[Assigned] with 50 days past due start date; | [Assigned] with 50 days past due start date;,Low effort consumption relative to plan (Effort Prog < 50%); Low EAC efficiency -> potential effort risk
DSFFLOW-325,Amber,0.68,31-Dec-26,Amber,[Assigned] with 119 days past due start date; | [Assigned] with 119 days past due start date;,Low effort consumption relative to plan (Effort Prog < 50%); Low EAC efficiency -> potential effort risk
DSFFLOW-4540,Amber,0.83,31-Dec-25,Amber,[Assigned] with 22 days past due start date; | [Assigned] with 22 days past due start date;,Low effort consumption relative to plan (Effort Prog < 50%); Low EAC efficiency -> potential effort risk
DSFFLOW-4916,Amber,0.79,15-Dec-25,Amber,[Assigned] with 1 days past due start date; | [Assigned] with 1 days past due start date;,Low effort consumption relative to plan (Effort Prog < 50%); Low EAC efficiency -> potential effort risk
DSFFLOW-1809,Amber,0.73,15-Dec-25,Amber,[Assigned] with 169 days past due start date; | [Assigned] with 169 days past due start date;,Work progress significantly behind schedule (Work% << Time%); Low effort consumption relative to plan (Effort Prog < 50%); Low EAC efficiency -> potential effort risk
DSFFLOW-3010,Amber,0.87,31-Dec-25,Amber,[Assigned] with 46 days past due start date; | [Assigned] with 46 days past due start date;,Work progress significantly behind schedule (Work% << Time%); Low effort consumption relative to plan (Effort Prog < 50%); Low EAC efficiency -> potential effort risk
DSFFLOW-3528,Amber,0.88,31-Dec-25,Amber,[Assigned] with 46 days past due start date; | [Assigned] with 46 days past due start date;,Work progress significantly behind schedule (Work% << Time%); Low effort consumption relative to plan (Effort Prog < 50%); Low EAC efficiency -> potential effort risk
DSFFLOW-3630,Amber,0.87,31-Dec-25,Amber,[Assigned] with 46 days past due start date; | [Assigned] with 46 days past due start date;,Work progress significantly behind schedule (Work% << Time%); Low effort consumption relative to plan (Effort Prog < 50%); Low EAC efficiency -> potential effort risk
DSFFLOW-2916,Amber,0.79,21-Dec-26,Amber,[Assigned] with 96 days past due start date; | [Assigned] with 96 days past due start date;,Low effort consumption relative to plan (Effort Prog < 50%); Low EAC efficiency -> potential effort risk
DSFFLOW-4880,Amber,0.84,05-Dec-25,Amber,[Assigned] with 6 days past due start date; | [Assigned] with 6 days past due start date;,Low effort consumption relative to plan (Effort Prog < 50%); Low EAC efficiency -> potential effort risk
DSFFLOW-4729,Amber,0.73,31-Oct-25,Amber,[Assigned] with 18 days past due start date; | [Assigned] with 18 days past due start date;,Work progress significantly behind schedule (Work% << Time%); Low effort consumption relative to plan (Effort Prog < 50%); Low EAC efficiency -> potential effort risk
DSFFLOW-4955,Amber,0.83,28-Nov-25,Amber,[Assigned] with 1 days past due start date; | [Assigned] with 1 days past due start date;,Low effort consumption relative to plan (Effort Prog < 50%); Low EAC efficiency -> potential effort risk
DSFFLOW-3998,Amber,0.81,15-Apr-26,Amber,[Assigned] with 25 days past due start date; | [Assigned] with 25 days past due start date;,Low effort consumption relative to plan (Effort Prog < 50%); Low EAC efficiency -> potential effort risk
DSFFLOW-3418,Amber,0.81,12-Sep-25,Amber,[Assigned] with 36 days past due start date; | [Assigned] with 36 days past due start date;,Work progress significantly behind schedule (Work% << Time%); Low effort consumption relative to plan (Effort Prog < 50%); Low EAC efficiency -> potential effort risk
DSFFLOW-3411,Amber,0.77,15-Aug-25,Amber,[Assigned] with 36 days past due start date; | [Assigned] with 36 days past due start date;,Work progress significantly behind schedule (Work% << Time%); Low effort consumption relative to plan (Effort Prog < 50%); Low EAC efficiency -> potential effort risk
DSFFLOW-4865,Amber,0.78,21-Aug-25,Amber,[Assigned] with 439 days past due start date; | [Assigned] with 439 days past due start date;,Work progress significantly behind schedule (Work% << Time%); Low effort consumption relative to plan (Effort Prog < 50%); Low EAC efficiency -> potential effort risk
DSFFLOW-4713,Amber,0.83,30-Aug-25,Amber,[Assigned] with 25 days past due start date; | [Assigned] with 25 days past due start date;,Work progress significantly behind schedule (Work% << Time%); Low effort consumption relative to plan (Effort Prog < 50%); Low EAC efficiency -> potential effort risk
DSFFLOW-4013,Amber,0.88,15-Apr-26,Amber,[Assigned] with 25 days past due start date; | [Assigned] with 25 days past due start date;,Low effort consumption relative to plan (Effort Prog < 50%); Low EAC efficiency -> potential effort risk
DSFFLOW-4525,Amber,0.84,30-Jan-26,Amber,[Assigned] with 8 days past due start date; | [Assigned] with 8 days past due start date;,Low effort consumption relative to plan (Effort Prog < 50%); Low EAC efficiency -> potential effort risk
DSFFLOW-2828,Amber,0.57,28-Nov-25,Red,[Assigned] with wrong project state with efforts burning; 36 days past due start date; | [Assigned] with wrong project state with efforts burning; 36 days past due start date;,Work progress significantly behind schedule (Work% << Time%); Low EAC efficiency -> potential effort risk
DSFFLOW-3294,Amber,0.74,22-Sep-25,Amber,[Assigned] with 42 days past due start date; | [Assigned] with 42 days past due start date;,Work progress significantly behind schedule (Work% << Time%); Low effort consumption relative to plan (Effort Prog < 50%); Low EAC efficiency -> potential effort risk
DSFFLOW-937,Red,0.82,29-Jun-25,Red,[Backlog] with wrong project state with work happening; efforts burning; 105 days past due start date; | [Backlog] with wrong project state with work happening; efforts burning; 105 days past due start date;,Work progress significantly behind schedule (Work% << Time%); Low EAC efficiency -> potential effort risk
DSFFLOW-626,Red,0.5,31-Aug-25,Red,[Backlog] with wrong project state with efforts burning; 112 days past due start date; actual End Date exceeds Today; | [Backlog] with wrong project state with efforts burning; 112 days past due start date; actual End Date exceeds Today;,Work progress significantly behind schedule (Work% << Time%); Low effort consumption relative to plan (Effort Prog < 50%); Low EAC efficiency -> potential effort risk
DSFFLOW-1322,Red,0.74,30-Aug-25,Red,[Backlog] with wrong project state with work happening; efforts burning; 119 days past due start date; | [Backlog] with wrong project state with work happening; efforts burning; 119 days past due start date;,Work progress significantly behind schedule (Work% << Time%); Low EAC efficiency -> potential effort risk
DSFFLOW-1474,Red,0.83,02-Feb-26,Red,[Backlog] with wrong project state with work happening; efforts burning; 148 days past due start date; | [Backlog] with wrong project state with work happening; efforts burning; 148 days past due start date;,Work progress significantly behind schedule (Work% << Time%); Low effort consumption relative to plan (Effort Prog < 50%); Low EAC efficiency -> potential effort risk
DSFFLOW-356,Amber,0.66,31-Jul-26,Amber,[Backlog] with 244 days past due start date; | [Backlog] with 244 days past due start date;,Work progress significantly behind schedule (Work% << Time%); Low effort consumption relative to plan (Effort Prog < 50%); Low EAC efficiency -> potential effort risk
DSFFLOW-845,Amber,0.65,30-Jun-25,Amber,[Backlog] with 176 days past due start date; | [Backlog] with 176 days past due start date;,Work progress significantly behind schedule (Work% << Time%); Low effort consumption relative to plan (Effort Prog < 50%); Low EAC efficiency -> potential effort risk
DSFFLOW-371,Amber,0.75,25-Jul-25,Amber,[Backlog] with 148 days past due start date; | [Backlog] with 148 days past due start date;,Work progress significantly behind schedule (Work% << Time%); Low effort consumption relative to plan (Effort Prog < 50%); Low EAC efficiency -> potential effort risk
DSFFLOW-894,Red,0.55,31-Dec-25,Red,[Backlog] with wrong project state with efforts burning; 105 days past due start date; | [Backlog] with wrong project state with efforts burning; 105 days past due start date;,Work progress significantly behind schedule (Work% << Time%); Low EAC efficiency -> potential effort risk
DSFFLOW-1223,Red,0.75,31-Dec-25,Red,[Backlog] with wrong project state with work happening; efforts burning; 102 days past due start date; | [Backlog] with wrong project state with work happening; efforts burning; 102 days past due start date;,Work progress significantly behind schedule (Work% << Time%); Low effort consumption relative to plan (Effort Prog < 50%); Low EAC efficiency -> potential effort risk
DSFFLOW-879,nan,0.5,29-Jun-25,,,Work progress significantly behind schedule (Work% << Time%); Low effort consumption relative to plan (Effort Prog < 50%); Low EAC efficiency -> potential effort risk
