DSF Project ID,Delivery State,Flow,Domain,Sub-Domain,Plan Work,Replan Work,Closed Work,Plan Start,Replan Start,Actual Start,Plan End,Replan End,Actual End,Plan Days,Replan Days,Plan Hr,Replan Hr,Logged Hr,EAC Hr,EAC Efficiency,Work Prog,Time Prog,Effort Prog,RAG,RAG Reason
DSFFLOW-4442,In Progress,Upgrade,Network Management,Element Management,25,25,9,27-Jul-25,27-Jul-25,06-Aug-25,18-Sep-25,18-Sep-25,,53,53,418.2,418.2,192.0,415.7,1%,36%,94%,46%,Green,[In Prog] work progress misaligned with time progress; late start; 
DSFFLOW-4457,Closed,Upgrade,Network Management,Element Management & Reporting,38,14,14,04-Aug-25,08-Jul-25,05-Aug-25,26-Dec-25,15-Sep-25,13-Aug-25,144,69,946.5,505.5,405.5,405.5,20%,100%,53%,80%,Green,[Closed] ahead of schedule; feedback: opportunity for optimized time plan; efforts saved; feedback: opportunity for optimized effort baseline; late start; 
DSFFLOW-4396,In Progress,Upgrade,Core Network,MSS,43,42,18,04-Aug-25,04-Aug-25,05-Aug-25,06-Oct-25,06-Oct-25,,63,63,734.0,734.0,357.5,717.0,2%,43%,67%,49%,Green,[In Prog] 
DSFFLOW-5621,In Progress,Upgrade,Core Network,MSS,36,36,0,29-Aug-25,29-Aug-25,29-Aug-25,30-Dec-26,30-Dec-26,,488,488,319.0,319.0,,319.0,0%,0%,4%,0%,Green,[In Prog] 
DSFFLOW-4955,In Progress,Maiden Installation,Network Management,Element Management & Reporting,77,77,1,18-Aug-25,18-Aug-25,25-Aug-25,28-Nov-25,28-Nov-25,,102,102,2003.5,2003.5,8.0,2003.5,0%,1%,29%,0%,Green,[In Prog] 
DSFFLOW-1729,In Progress,Upgrade,Network Management,Element Management,67,64,26,07-May-25,07-May-25,09-Jun-25,31-Oct-25,31-Oct-25,,177,177,1240.0,1200.0,609.5,1187.0,1%,41%,74%,51%,Green,[In Prog] late start; 
DSFFLOW-3700,Closed,Upgrade,Core Network,Signaling,20,19,19,04-Jun-25,04-Jun-25,24-Jul-25,31-Jul-26,31-Jul-26,25-Jul-25,422,422,138.0,138.0,138.0,138.0,0%,100%,12%,100%,Green,[Closed] ahead of schedule; feedback: opportunity for optimized time plan; late start; 
DSFFLOW-6543,In Progress,Expansion,Core Network,UDM,46,46,0,12-Aug-25,12-Aug-25,12-Sep-25,19-Dec-25,19-Dec-25,,129,129,559.0,559.0,,559.0,0%,0%,27%,0%,Amber,[In Prog] time ticking without any work progress; late start; 
DSFFLOW-4055,On Hold,Upgrade,Network Management,Element Management & Reporting,26,19,12,04-Aug-25,04-Aug-25,04-Aug-25,30-Sep-25,30-Sep-25,,57,57,328.0,328.0,134.02,286.02,13%,63%,74%,41%,Amber,[On Hold] efforts burnt misaligned with work progress; 
DSFFLOW-2482,Closed,Expansion,Core Network,EPC,24,24,16,09-Jun-25,09-Jun-25,24-Jun-25,12-Dec-25,12-Dec-25,12-Sep-25,186,186,816.0,816.0,781.0,693.0,15%,67%,51%,96%,Red,[Closed] incomplete work; ahead of schedule; feedback: opportunity for optimized time plan; efforts saved; late start; 
DSFFLOW-1445,Closed,Upgrade,Core Network,IMS,78,59,59,27-May-25,27-May-25,28-May-25,18-Jul-25,04-Jul-25,04-Jul-25,52,38,801.0,639.5,600.2697222,600.2697222,6%,100%,100%,94%,Green,[Closed] efforts saved; 
DSFFLOW-5045,In Progress,Maiden Installation,Core Network,"Cloud, Core Network Automation, IMS",40,40,0,07-Aug-25,07-Aug-25,19-Aug-25,19-Dec-25,19-Dec-25,,134,134,1139.0,1139.0,10.65,1139.0,0%,0%,30%,1%,Amber,[In Prog] time ticking without any work progress; late start; 
DSFFLOW-2169,In Progress,Maiden Installation,Core Network,"EPC, Signaling, UDM",327,327,1,15-Jun-25,15-Jun-25,24-Jun-25,20-Aug-27,20-Aug-27,,796,796,29308.1,29308.1,897.7,29302.09,0%,0%,12%,3%,Green,[In Prog] late start; 
DSFFLOW-2219,Closed,Expansion,Core Network,Cloud,37,35,28,09-Jun-25,09-Jun-25,18-Jun-25,12-Dec-25,12-Dec-25,12-Sep-25,186,186,517.35,502.35,494.85,494.85,1%,80%,51%,99%,Red,[Closed] incomplete work; ahead of schedule; feedback: opportunity for optimized time plan; efforts saved; late start; 
DSFFLOW-1322,Closed,Upgrade,Core Network,"EPC, Exposure, UDM",88,33,33,22-Apr-25,22-Apr-25,21-Aug-25,30-Aug-25,30-Aug-25,21-Aug-25,130,130,940.5,884.5,869.5,869.5,2%,100%,93%,98%,Green,[Closed] ahead of schedule; efforts saved; late start; 
DSFFLOW-4778,In Progress,Upgrade,Core Network,"EPC, IMS, Signaling",70,70,66,22-Jun-25,22-Jun-25,14-Aug-25,30-Aug-25,30-Aug-25,,69,69,1167.0,1167.0,1173.0,1070.0,8%,94%,123%,101%,Red,[In Prog] effort budget breached; late start; 
DSFFLOW-2452,On Hold,Maiden Installation,Network Management,Resource Orchestration,44,44,2,29-May-25,29-May-25,11-Jul-25,27-Feb-26,27-Feb-26,,274,274,1157.0,1157.0,111.58,1157.0,0%,5%,40%,10%,Green,[On Hold] late start; 
DSFFLOW-5060,In Progress,Maiden Installation,Core Network,IMS,50,50,0,07-Aug-25,07-Aug-25,19-Aug-25,19-Dec-25,19-Dec-25,,134,134,2379.0,2379.0,10.0,2369.0,0%,0%,30%,0%,Amber,[In Prog] time ticking without any work progress; late start; 
DSFFLOW-5888,In Progress,Maiden Installation,Core Network,IMS,19,19,0,01-Sep-25,01-Sep-25,08-Sep-25,29-Sep-25,29-Sep-25,,28,28,595.2,595.2,108.0,555.2,8%,0%,52%,18%,Amber,[In Prog] time ticking without any work progress; 
DSFFLOW-5544,In Progress,Maiden Installation,Core Network,Cloud-3PP/MPBN,57,57,0,26-May-25,26-May-25,28-Aug-25,13-Dec-25,13-Dec-25,,201,201,3635.2,3635.2,116.5,3518.7,3%,0%,57%,3%,Amber,[In Prog] time ticking without any work progress; late start; 
DSFFLOW-3443,On Hold,Upgrade,Network Management,Element Management & Reporting,21,15,9,14-Jul-25,14-Jul-25,14-Jul-25,19-Sep-25,19-Sep-25,01-Aug-25,67,67,158.5,158.5,149.0,229.0,-44%,60%,29%,94%,Red,[On Hold] projecting 5%+ EAC effort overrun; efforts burnt misaligned with work progress; efforts burnt misaligned with time progress; 
DSFFLOW-5960,In Progress,Maiden Installation,BOS,D&A Mediation,27,27,3,13-Aug-25,13-Aug-25,09-Sep-25,31-Mar-26,31-Mar-26,,230,230,473.3,473.3,91.2,441.5,8%,11%,15%,19%,Green,[In Prog] late start; 
DSFFLOW-5480,In Progress,Upgrade,Core Network,Cloud,140,140,0,25-Aug-25,25-Aug-25,28-Aug-25,31-Aug-26,31-Aug-26,,371,371,8499.5,8499.5,569.5,8499.5,0%,0%,6%,8%,Green,[In Prog] 
DSFFLOW-1568,In Progress,Upgrade,BOS,D&A Mediation,33,33,16,25-May-25,25-May-25,30-Jun-25,19-Sep-25,19-Sep-25,,117,117,1614.5,1614.5,1058.596667,1549.89,4%,48%,97%,66%,Green,[In Prog] late start; 
DSFFLOW-1103,Closed,Maiden Installation,"Core Network, Network Management","EPC, Resource Orchestration",44,44,44,16-May-25,16-May-25,19-May-25,30-Aug-25,08-Sep-25,04-Sep-25,106,115,938.0,938.0,907.0,907.0,3%,100%,97%,97%,Green,[Closed] ahead of schedule; efforts saved; 
DSFFLOW-5827,In Progress,Upgrade,Core Network,UDM,24,24,2,27-Jul-25,27-Jul-25,03-Sep-25,30-Oct-25,30-Oct-25,,95,95,376.0,376.0,65.0,376.0,0%,8%,53%,17%,Green,[In Prog] late start; 
DSFFLOW-4564,In Progress,Upgrade,Core Network,Cloud,32,32,9,22-Jul-25,22-Jul-25,22-Jul-25,15-Jan-26,15-Jan-26,,177,177,1211.0,1211.0,443.0,1183.0,2%,29%,31%,37%,Green,[In Prog] 
DSFFLOW-2843,In Progress,Migration,BOS,Common Services-Data Migration,10,10,0,16-Jun-25,16-Jun-25,17-Jun-25,31-Dec-26,31-Dec-26,,563,563,1.0,1.0,,1.0,0%,0%,16%,0%,Green,[In Prog] 
DSFFLOW-4628,In Progress,Maiden Installation,Core Network,"Core Network Automation, UDM",29,29,0,09-Aug-25,09-Aug-25,22-Aug-25,29-Jun-26,29-Jun-26,,324,324,730.0,730.0,239.0,714.0,2%,0%,12%,33%,Amber,[In Prog] efforts burnt misaligned with work progress; late start; 
DSFFLOW-5200,In Progress,Upgrade,Core Network,Cloud,52,52,0,31-Aug-25,31-Aug-25,22-Aug-25,23-Oct-25,23-Oct-25,,53,53,691.0,691.0,152.0,675.0,2%,0%,30%,22%,Amber,[In Prog] time ticking without any work progress; efforts burnt misaligned with work progress; early start; 
DSFFLOW-2123,In Progress,Maiden Installation,"Core Network, Network Management","Activation, Core Network Automation, EPC, Exposure, UDM",82,82,19,07-May-25,07-May-25,20-Jun-25,30-Oct-26,30-Oct-26,,541,541,6272.0,6272.0,2758.0,6107.0,3%,23%,24%,44%,Amber,[In Prog] efforts burnt misaligned with work progress; late start; 
DSFFLOW-6398,In Progress,Expansion,Core Network,"MSS, Signaling",67,67,0,12-Aug-25,12-Aug-25,12-Sep-25,29-Aug-25,29-Aug-25,,17,17,1525.0,1525.0,,1525.0,0%,0%,194%,0%,Amber,[In Prog] time ticking without any work progress; late start; 
DSFFLOW-4624,In Progress,Maiden Installation,Core Network,Signaling,18,18,0,09-Aug-25,09-Aug-25,22-Aug-25,29-Jun-26,29-Jun-26,,324,324,570.0,570.0,107.0,563.0,1%,0%,12%,19%,Green,[In Prog] late start; 
DSFFLOW-3786,In Progress,Maiden Installation,Core Network,"EPC, UDM",29,29,0,31-Mar-25,31-Mar-25,29-Jul-25,31-Mar-26,31-Mar-26,,365,365,10283.0,10283.0,440.0,10283.0,0%,0%,46%,4%,Amber,[In Prog] time ticking without any work progress; late start; 
DSFFLOW-4411,Closed,Upgrade,Network Management,Element Management,34,31,31,06-Aug-25,06-Aug-25,11-Aug-25,30-Sep-25,30-Sep-25,10-Sep-25,55,55,515.95,456.45,284.45,284.45,38%,100%,64%,62%,Green,[Closed] ahead of schedule; feedback: opportunity for optimized time plan; efforts saved; feedback: opportunity for optimized effort baseline; 
DSFFLOW-1840,In Progress,Upgrade,Network Management,Element Management,1221,1221,864,08-Jun-25,08-Jun-25,23-Jun-25,06-Nov-25,29-Nov-25,,151,174,17146.71,17146.71,12055.86417,16851.51083,2%,71%,57%,70%,Green,[In Prog] late start; 
DSFFLOW-4525,In Progress,Migration,Core Network,UDM,15,15,0,11-Aug-25,11-Aug-25,29-Aug-25,30-Jan-26,30-Jan-26,,172,172,1277.0,1277.0,246.5,1277.0,0%,0%,21%,19%,Amber,[In Prog] time ticking without any work progress; late start; 
DSFFLOW-5903,In Progress,Upgrade,Core Network,MSS,22,22,0,31-Jul-25,31-Jul-25,09-Sep-25,29-Sep-26,29-Sep-26,,425,425,195.0,195.0,,195.0,0%,0%,11%,0%,Green,[In Prog] late start; 
DSFFLOW-970,In Progress,Upgrade,Core Network,Cloud-3PP/MPBN,27,27,2,08-May-25,08-May-25,07-Aug-25,29-Jul-25,29-Jul-25,,82,82,660.75,660.75,81.5,658.25,0%,8%,158%,12%,Amber,[In Prog] efforts burnt misaligned with time progress; work progress misaligned with time progress; late start; 
DSFFLOW-5843,Assigned,Upgrade,Core Network,MSS,27,27,0,02-Sep-25,02-Sep-25,,31-Dec-25,31-Dec-25,,120,120,588.5,588.5,,588.5,0%,0%,12%,0%,Amber,[Assigned] with 13 days past due start date; 
DSFFLOW-3233,In Progress,Migration,Core Network,UDM,16,15,1,14-Jul-25,14-Jul-25,12-Aug-25,15-Aug-25,15-Aug-25,,32,32,614.0,614.0,529.0,614.0,0%,8%,194%,86%,Red,[In Prog] efforts burnt outweighing work output; efforts burnt misaligned with time progress; work progress misaligned with time progress; late start; 
DSFFLOW-151,In Progress,Upgrade,Network Management,Element Management,87,76,50,13-Apr-25,13-Apr-25,13-Apr-25,26-Sep-25,26-Sep-25,,166,166,1719.0,1553.0,1322.5,1385.0,11%,66%,93%,85%,Green,[In Prog] 
DSFFLOW-2352,Closed,Upgrade,Core Network,Signaling,26,26,26,02-Jun-25,02-Jun-25,27-Jun-25,04-Jul-25,30-Jul-25,05-Aug-25,32,58,511.0,511.0,452.0,452.0,12%,100%,112%,88%,Red,[Closed] schedule overrun > 10%; efforts saved; feedback: opportunity for optimized effort baseline; late start; 
DSFFLOW-5559,Assigned,Upgrade,Core Network,UDM,13,13,0,14-Aug-25,14-Aug-25,,05-Oct-28,05-Oct-28,,1148,1148,220.0,220.0,,220.0,0%,0%,3%,0%,Amber,[Assigned] with 32 days past due start date; 
DSFFLOW-3528,In Progress,Upgrade,Core Network,EPC,130,130,0,04-Jul-25,04-Jul-25,12-Sep-25,31-Dec-25,31-Dec-25,,180,180,1992.0,1992.0,,1992.0,0%,0%,41%,0%,Amber,[In Prog] time ticking without any work progress; late start; 
DSFFLOW-6379,Assigned,Upgrade,Core Network,EPC,22,22,0,09-Sep-25,09-Sep-25,,23-Sep-25,23-Sep-25,,14,14,216.0,216.0,,216.0,0%,0%,47%,0%,Amber,[Assigned] with 6 days past due start date; 
DSFFLOW-535,In Progress,Maiden Installation,Core Network,EPC,14,14,13,01-Jan-25,31-Dec-24,01-Jan-25,31-Jul-25,29-May-25,30-Apr-25,211,149,149.0,149.0,206.0,198.0,-33%,93%,81%,138%,Red,[In Prog] effort budget breached; projecting 5%+ EAC effort overrun; efforts burnt misaligned with work progress; efforts burnt misaligned with time progress; 
DSFFLOW-2828,On Hold,Migration,Core Network,UDM,15,15,1,14-Jul-25,14-Jul-25,,28-Nov-25,28-Nov-25,,137,137,593.0,593.0,383.5,542.0,9%,8%,46%,65%,Red,[On Hold] efforts burnt outweighing work output; 
DSFFLOW-356,Backlog,Expansion,Core Network,UDM,13,13,0,18-Dec-24,18-Dec-24,,31-Jul-26,31-Jul-26,,590,590,222.0,222.0,,222.0,0%,0%,46%,0%,Amber,[Backlog] with 271 days past due start date; 
DSFFLOW-3745,In Progress,Migration,Core Network,UDM,15,14,0,28-Jul-25,28-Jul-25,12-Aug-25,26-Dec-25,26-Dec-25,,151,151,2080.0,2080.0,802.0,2080.0,0%,0%,33%,39%,Amber,[In Prog] time ticking without any work progress; efforts burnt misaligned with work progress; late start; 
DSFFLOW-4343,In Progress,Upgrade,Core Network,"Cloud, EPC",141,141,4,19-Jun-25,19-Jun-25,18-Aug-25,19-Dec-25,19-Dec-25,,183,183,3597.0,3597.0,239.0,3597.0,0%,3%,48%,8%,Green,[In Prog] late start; 
DSFFLOW-3513,In Progress,Maiden Installation,Network Management,Activation,69,69,3,11-Jul-25,11-Jul-25,24-Jul-25,26-Dec-25,26-Dec-25,,168,168,3075.086667,3075.086667,445.0,3032.586667,1%,4%,40%,15%,Green,[In Prog] late start; 
DSFFLOW-3418,In Progress,Upgrade,Core Network,IMS,38,38,0,14-Jul-25,14-Jul-25,05-Sep-25,12-Sep-25,22-Sep-25,,60,70,515.0,515.0,20.0,495.0,4%,0%,90%,4%,Amber,[In Prog] time ticking without any work progress; late start; 
DSFFLOW-4498,In Progress,Upgrade,Core Network,"EPC, IMS, MSS, UDM",210,210,8,15-Jul-25,15-Jul-25,08-Aug-25,15-Jan-26,15-Jan-26,,184,184,3907.0,3907.0,722.5,3907.0,0%,4%,34%,18%,Green,[In Prog] late start; 
DSFFLOW-5229,In Progress,Upgrade,Network Management,Element Management,106,106,0,17-Aug-25,17-Aug-25,25-Aug-25,30-Mar-26,30-Mar-26,,225,225,4286.966667,4286.966667,259.25,4189.216667,2%,0%,13%,6%,Green,[In Prog] late start; 
DSFFLOW-2656,In Progress,Upgrade,Network Management,Element Management,96,96,59,01-Jul-25,01-Jul-25,01-Jul-25,19-Dec-25,19-Dec-25,,171,171,2840.0,2544.0,1264.066667,2492.833333,2%,61%,45%,50%,Green,[In Prog] 
DSFFLOW-4230,Closed,Upgrade,Core Network,Cloud,17,17,17,03-Aug-25,03-Aug-25,04-Aug-25,21-Aug-25,21-Aug-25,10-Sep-25,18,18,216.0,216.0,243.0,243.0,-13%,100%,205%,113%,Red,[Closed] effort overrun > 1%; schedule overrun > 10%; 
DSFFLOW-3596,In Progress,Upgrade,Core Network,UDM,36,36,2,24-Jul-25,24-Jul-25,24-Jul-25,31-Oct-25,31-Oct-25,,99,99,481.5,481.5,66.0,481.5,0%,6%,54%,15%,Green,[In Prog] 
DSFFLOW-5812,In Progress,Upgrade,Core Network,MSS,216,216,0,11-Sep-25,11-Sep-25,11-Sep-25,20-Nov-25,20-Nov-25,,70,70,1368.0,1368.0,,1368.0,0%,0%,8%,0%,Green,[In Prog] 
DSFFLOW-5797,In Progress,Upgrade,Core Network,IMS,30,30,3,03-Aug-25,03-Aug-25,03-Sep-25,29-Nov-25,29-Nov-25,,118,118,746.0,746.0,100.0,746.0,0%,10%,37%,13%,Green,[In Prog] late start; 
DSFFLOW-741,In Progress,Upgrade,Network Management,Element Management & Reporting,159,159,146,22-Apr-25,22-Apr-25,19-May-25,19-Sep-25,19-Sep-25,,150,150,5800.0,5800.0,4740.833333,6025.833333,-4%,92%,97%,82%,Amber,[In Prog] projecting 1%+ EAC effort overrun ; late start; 
DSFFLOW-3649,In Progress,Upgrade,Core Network,IMS,31,31,16,03-Jul-25,03-Jul-25,03-Jul-25,30-Dec-25,30-Dec-25,,180,180,2715.0,2715.0,1150.0,2595.0,4%,52%,41%,42%,Green,[In Prog] 
DSFFLOW-3109,In Progress,Upgrade,Core Network,IMS,142,135,79,14-Jul-25,14-Jul-25,14-Jul-25,29-Aug-25,29-Sep-25,,46,77,2101.0,2411.0,1534.51,2212.26,8%,59%,82%,64%,Green,[In Prog] 
DSFFLOW-5461,In Progress,Upgrade,Core Network,Cloud,18,18,18,08-Jun-25,08-Jun-25,28-Aug-25,14-Aug-26,14-Aug-26,,432,432,305.0,305.0,305.0,305.0,0%,100%,23%,100%,Amber,[In Prog] efforts burnt misaligned with time progress; work progress misaligned with time progress; late start; 
DSFFLOW-5699,In Progress,Upgrade,Network Management,Element Management,55,51,5,31-Aug-25,31-Aug-25,01-Sep-25,18-Nov-25,18-Nov-25,,79,79,637.5,637.5,59.5,637.5,0%,10%,20%,9%,Green,[In Prog] 
DSFFLOW-2249,In Progress,"Upgrade, Expansion, Maiden Installation",BOS,Monetization Charging,396,396,19,22-Jun-25,22-Jun-25,27-Jun-25,19-Sep-25,19-Sep-25,,89,89,3683.11,3683.11,1103.85,3285.61,11%,5%,96%,30%,Amber,[In Prog] efforts burnt misaligned with work progress; efforts burnt misaligned with time progress; work progress misaligned with time progress; 
DSFFLOW-1911,In Progress,Migration,Core Network,EPC,41,41,27,03-Apr-25,03-Apr-25,13-Jun-25,30-Nov-25,29-Nov-25,,241,240,3433.0,4421.0,2097.0,4388.0,1%,66%,69%,47%,Green,[In Prog] late start; 
DSFFLOW-1368,In Progress,Migration,Core Network,EPC,21,21,1,23-May-25,23-May-25,25-Jun-25,31-Dec-25,31-Dec-25,,222,222,1214.8,1214.8,672.03,1214.8,0%,5%,52%,57%,Red,[In Prog] efforts burnt outweighing work output; late start; 
DSFFLOW-3265,In Progress,Migration,Core Network,"Cloud, Core Network Automation, EPC, IMS, UDM",88,88,1,15-May-25,15-May-25,12-Sep-25,20-Nov-25,20-Nov-25,,189,189,8395.0,8395.0,162.0,8395.0,0%,1%,65%,2%,Amber,[In Prog] efforts burnt misaligned with time progress; work progress misaligned with time progress; late start; 
DSFFLOW-5350,Assigned,Upgrade,BOS,D&A Mediation,67,67,0,21-Jul-25,21-Jul-25,,31-May-26,31-May-26,,314,314,2487.1,2487.1,,2487.1,0%,0%,18%,0%,Amber,[Assigned] with 56 days past due start date; 
DSFFLOW-6252,In Progress,Upgrade,Network Management,Element Management,111,111,0,13-Sep-25,13-Sep-25,10-Sep-25,29-Jun-26,29-Jun-26,,289,289,2239.0,2239.0,40.0,2239.0,0%,0%,1%,2%,Green,[In Prog] 
DSFFLOW-5981,In Progress,Business Configuration,BOS,Monetization Charging,32,32,0,03-Aug-25,03-Aug-25,12-Sep-25,30-Dec-25,30-Dec-25,,149,149,798.4,798.4,,798.4,0%,0%,29%,0%,Amber,[In Prog] time ticking without any work progress; late start; 
DSFFLOW-49,Closed,Upgrade,Network Management,Element Management & Reporting,30,30,30,19-Feb-25,20-Feb-25,28-Feb-25,29-Aug-25,17-Apr-25,27-Mar-25,191,56,488.0,488.0,430.0,430.0,12%,100%,63%,88%,Green,[Closed] ahead of schedule; feedback: opportunity for optimized time plan; efforts saved; feedback: opportunity for optimized effort baseline; late start; 
DSFFLOW-1151,In Progress,Upgrade,BOS,Monetization Charging,498,498,35,01-Jun-25,01-Jun-25,01-Jun-25,28-Feb-26,28-Feb-26,,272,272,3023.0,3023.0,667.05,2908.0,4%,8%,39%,22%,Green,[In Prog] 
DSFFLOW-4260,In Progress,Upgrade,Core Network,Cloud,86,86,8,06-Jul-25,06-Jul-25,05-Aug-25,29-Nov-25,29-Nov-25,,146,146,2248.0,2248.0,456.0,1992.0,11%,9%,49%,20%,Green,[In Prog] late start; 
DSFFLOW-6349,In Progress,Upgrade,Core Network,MSS,24,24,1,11-Sep-25,11-Sep-25,11-Sep-25,31-Dec-25,31-Dec-25,,111,111,474.0,474.0,80.0,474.0,0%,4%,4%,17%,Green,[In Prog] 
DSFFLOW-1416,In Progress,Migration,"Core Network, Network Management","Activation, EPC, IMS, MSS, UDM",139,139,23,23-Apr-25,23-Apr-25,27-May-25,31-Dec-25,31-Dec-25,,252,252,8449.25,8449.25,2884.505,8234.75,3%,17%,58%,34%,Green,[In Prog] late start; 
DSFFLOW-5636,In Progress,"Maiden Installation, Migration, Business Configuration",BOS,"Common Services-Data Migration, Core Commerce, Monetization Charging",107,107,0,24-Jul-25,24-Jul-25,08-Sep-25,16-Apr-26,16-Apr-26,,266,266,15668.1,15668.1,188.88,15665.97,0%,0%,20%,1%,Amber,[In Prog] time ticking without any work progress; late start; 
DSFFLOW-2813,In Progress,Maiden Installation,Network Management,Resource Orchestration,11,11,1,04-May-25,04-May-25,10-Jul-25,31-Mar-26,31-Mar-26,,331,331,1125.0,1125.0,434.75,1125.0,0%,9%,41%,39%,Amber,[In Prog] efforts burnt misaligned with work progress; late start; 
DSFFLOW-3498,In Progress,Migration,Core Network,"EPC, Signaling, UDM",77,77,31,18-Jun-25,18-Jun-25,23-Jul-25,31-Dec-25,31-Dec-25,,196,196,1514.6,1514.6,792.5,1490.6,2%,40%,46%,52%,Green,[In Prog] late start; 
DSFFLOW-2047,In Progress,Upgrade,Network Management,Element Management,358,358,46,08-May-25,08-May-25,18-Jun-25,31-Aug-26,31-Aug-26,,480,480,9297.0,10669.0,1821.5,10575.0,1%,13%,27%,17%,Green,[In Prog] late start; 
DSFFLOW-2765,In Progress,Upgrade,Core Network,"Cloud, EPC",49,49,2,11-Nov-24,11-Nov-24,07-Jul-25,20-Dec-24,20-Dec-24,,39,39,1560.0,1560.0,1.0,1534.0,2%,4%,773%,0%,Amber,[In Prog] efforts burnt misaligned with time progress; work progress misaligned with time progress; late start; 
DSFFLOW-5109,In Progress,"Maiden Installation, Migration","Core Network, Network Management","Cloud, Core Network Automation, EPC, IMS, MSS, Resource Orchestration, UDM",248,248,194,01-Jun-25,01-Jun-25,22-Aug-25,29-Sep-25,29-Sep-25,,120,120,8622.5,8622.5,6976.16,8208.5,5%,78%,88%,81%,Green,[In Prog] late start; 
DSFFLOW-5079,In Progress,Expansion,BOS,Monetization Charging,67,67,38,28-Jul-25,28-Jul-25,20-Aug-25,30-Sep-25,30-Sep-25,,64,64,674.8,674.8,332.45,641.55,5%,57%,77%,49%,Green,[In Prog] late start; 
DSFFLOW-626,Backlog,Maiden Installation,Core Network,EPC,34,34,0,29-Apr-25,29-Apr-25,29-Apr-25,31-Aug-25,31-Aug-25,,124,124,2496.0,2496.0,904.0,2392.0,4%,0%,113%,36%,Red,[Backlog] with wrong project state with efforts burning; 139 days past due start date; 
DSFFLOW-921,Closed,Upgrade,Core Network,UDM,23,23,23,14-May-25,14-May-25,14-May-25,04-Jul-25,04-Jul-25,04-Jul-25,51,51,202.5,202.5,202.4,202.4,0%,100%,100%,100%,Green,[Closed] 
DSFFLOW-1697,Closed,Upgrade,Core Network,EPC,30,21,21,26-May-25,26-May-25,12-Jun-25,31-Aug-25,31-Aug-25,04-Sep-25,97,97,346.0,346.0,310.0,310.0,10%,100%,104%,90%,Amber,[Closed] schedule overrun < 10%; efforts saved; late start; 
DSFFLOW-2138,Closed,"Upgrade, Maiden Installation",Network Management,Resource Orchestration,52,37,37,12-Jun-25,12-Jun-25,18-Jun-25,15-Aug-25,31-Aug-25,14-Aug-25,64,80,646.6497222,559.9,425.65,425.65,24%,100%,79%,76%,Green,[Closed] ahead of schedule; feedback: opportunity for optimized time plan; efforts saved; feedback: opportunity for optimized effort baseline; 
DSFFLOW-245,In Progress,"Upgrade, Maiden Installation",Network Management,Element Management,821,529,107,15-May-25,07-Apr-25,,01-Oct-25,31-Dec-25,,139,268,24189.0,16930.0,12088.5,15530.5,8%,20%,60%,71%,Red,[In Prog] efforts burnt outweighing work output; 
DSFFLOW-2593,In Progress,Maiden Installation,Core Network,EPC,16,16,2,25-May-25,25-May-25,02-Jul-25,31-Dec-25,31-Dec-25,,220,220,2581.0,2581.0,439.0,2551.0,1%,13%,52%,17%,Green,[In Prog] late start; 
DSFFLOW-6003,Assigned,"Upgrade, Continuous Adaptation",BOS,Monetization Billing,60,60,0,31-Jul-25,31-Jul-25,,29-Mar-26,29-Mar-26,,241,241,15277.75,15277.75,,15277.75,0%,0%,19%,0%,Amber,[Assigned] with 46 days past due start date; 
DSFFLOW-1629,Closed,Upgrade,Core Network,"EPC, Signaling, UDM",175,175,175,01-Apr-25,01-Apr-25,03-Jun-25,29-Jun-25,29-Jun-25,07-Jul-25,89,89,2725.129167,2725.129167,2238.05,2238.05,18%,100%,111%,82%,Red,[Closed] schedule overrun > 10%; efforts saved; feedback: opportunity for optimized effort baseline; late start; 
DSFFLOW-5683,In Progress,Maiden Installation,Core Network,"Cloud, EPC, UDM",131,131,1,25-Aug-25,25-Aug-25,04-Sep-25,22-Dec-25,22-Dec-25,,119,119,2340.0,2340.0,17.0,2340.0,0%,1%,18%,1%,Green,[In Prog] late start; 
DSFFLOW-2402,In Progress,Upgrade,BOS,Monetization Charging,169,169,24,05-May-25,05-May-25,08-Jul-25,29-Jun-26,30-Jun-26,,420,421,18647.44,18647.44,2646.5,17668.0,5%,15%,32%,15%,Green,[In Prog] late start; 
DSFFLOW-6461,Assigned,Upgrade,Core Network,MSS,39,39,0,01-Sep-25,01-Sep-25,,31-Dec-25,31-Dec-25,,121,121,877.0,877.0,,877.0,0%,0%,12%,0%,Amber,[Assigned] with 14 days past due start date; 
DSFFLOW-2625,Closed,Upgrade,Core Network,IMS,30,28,28,29-Jun-25,30-Jun-25,30-Jun-25,31-Jul-25,01-Aug-25,01-Aug-25,32,32,267.0,267.0,267.01,267.01,0%,100%,100%,100%,Green,[Closed] 
DSFFLOW-3852,In Progress,Migration,Core Network,Cloud,118,118,22,22-Jul-25,22-Jul-25,31-Jul-25,31-Dec-25,31-Dec-25,,162,162,2002.5,2002.5,618.0,1936.5,3%,19%,34%,31%,Green,[In Prog] late start; 
DSFFLOW-2384,In Progress,Upgrade,Network Management,Resource Orchestration,12,12,5,16-Jun-25,01-Jun-25,24-Jun-25,30-Jun-26,31-Dec-26,,379,578,4016.35,4016.35,1772.25,2892.85,29%,42%,18%,44%,Green,[In Prog] late start; 
DSFFLOW-5578,In Progress,Upgrade,Core Network,Cloud,20,20,0,27-Aug-25,27-Aug-25,04-Sep-25,30-Oct-25,30-Oct-25,,64,64,286.0,286.0,56.0,286.0,0%,0%,31%,20%,Amber,[In Prog] time ticking without any work progress; efforts burnt misaligned with work progress; late start; 
DSFFLOW-5716,Closed,Upgrade,Core Network,EPC,24,24,21,05-May-25,05-May-25,02-Sep-25,05-Sep-25,05-Sep-25,12-Sep-25,123,123,422.5,422.5,423.0,363.0,15%,88%,106%,100%,Red,[Closed] incomplete work; effort budget spent; schedule overrun < 10%; late start; 
DSFFLOW-3998,Assigned,Upgrade,Core Network,MSS,13,13,0,25-Jul-25,25-Jul-25,,15-Apr-26,15-Apr-26,,264,264,220.0,220.0,,220.0,0%,0%,20%,0%,Amber,[Assigned] with 52 days past due start date; 
DSFFLOW-5401,In Progress,Upgrade,Core Network,"Exposure, IMS",102,102,5,22-Aug-25,22-Jul-25,22-Jul-25,31-Dec-25,23-Jan-16,,131,-3468,1405.4,1405.4,173.47,1400.5,0%,5%,-2%,12%,Green,[In Prog] 
DSFFLOW-576,In Progress,Upgrade,BOS,Monetization Billing,34,34,21,03-Mar-25,03-Mar-25,13-May-25,14-Aug-25,10-Oct-25,,164,221,7946.6,7946.6,4883.616667,7701.316667,3%,62%,89%,61%,Green,[In Prog] late start; 
DSFFLOW-3381,Closed,Upgrade,Core Network,Signaling,19,19,19,10-Jun-25,04-Jun-25,04-Jun-25,30-Jul-25,22-Jul-25,22-Jul-25,50,48,179.0,179.0,178.5,178.5,0%,100%,100%,100%,Green,[Closed] 
DSFFLOW-133,On Hold,Upgrade,BOS,Core Commerce,423,423,165,17-Mar-25,17-Mar-25,09-Apr-25,30-Jun-25,29-Sep-25,,105,196,3067.0,3067.0,1563.000833,3136.999167,-2%,39%,93%,51%,Amber,[On Hold] projecting 1%+ EAC effort overrun ; work progress misaligned with time progress; late start; 
DSFFLOW-4245,In Progress,Upgrade,Network Management,"Activation, Element Management, Resource Orchestration",41,41,3,21-Jul-25,21-Jul-25,06-Aug-25,30-Sep-25,30-Sep-25,,71,71,461.9,461.9,157.8916667,461.9,0%,8%,79%,34%,Amber,[In Prog] efforts burnt misaligned with work progress; work progress misaligned with time progress; late start; 
DSFFLOW-611,In Progress,Maiden Installation,Core Network,EPC,58,58,0,10-Feb-25,10-Feb-25,21-Jul-25,31-Dec-25,31-Dec-25,,324,324,2055.0,2055.0,727.0,1899.0,8%,0%,67%,35%,Amber,[In Prog] time ticking without any work progress; efforts burnt misaligned with work progress; late start; 
DSFFLOW-2641,In Progress,Upgrade,Network Management,Element Management,24,24,16,01-Jul-25,01-Jul-25,01-Jul-25,29-Sep-25,29-Sep-25,,90,90,850.0,850.0,581.95,831.7,2%,67%,85%,68%,Green,[In Prog] 
DSFFLOW-6271,In Progress,Upgrade,Network Management,Resource Orchestration,28,25,7,03-Mar-25,03-Mar-25,09-Sep-25,09-Oct-25,10-Oct-25,,220,221,310.0,310.0,85.91666667,294.1666667,5%,29%,89%,29%,Amber,[In Prog] efforts burnt misaligned with time progress; work progress misaligned with time progress; late start; 
DSFFLOW-952,Closed,Migration,Core Network,UDM,18,16,6,12-May-25,12-May-25,12-May-25,29-Jun-25,29-Jun-25,29-Aug-25,48,48,491.25,491.25,491.25,491.25,0%,38%,225%,100%,Red,[Closed] incomplete work; effort budget spent; schedule overrun > 10%; 
DSFFLOW-4992,In Progress,Maiden Installation,Core Network,UDM,16,16,4,13-Jul-25,13-Jul-25,22-Aug-25,31-Dec-25,31-Dec-25,,171,171,308.0,308.0,280.0,308.0,0%,25%,38%,91%,Red,[In Prog] efforts burnt outweighing work output; efforts burnt misaligned with time progress; late start; 
DSFFLOW-2882,In Progress,Upgrade,BOS,"D&A Mediation, Monetization Billing",37,37,11,10-May-25,10-May-25,10-Jul-25,18-Nov-25,18-Nov-25,,192,192,2844.249722,2844.249722,1300.6,2748.799722,3%,30%,67%,46%,Green,[In Prog] late start; 
DSFFLOW-3093,In Progress,Expansion,Core Network,Cloud,89,89,17,04-Jun-25,04-Jun-25,15-Jul-25,31-Mar-26,31-Mar-26,,300,300,2335.5,2335.5,481.0,2293.5,2%,19%,35%,21%,Green,[In Prog] late start; 
DSFFLOW-1278,In Progress,Migration,Core Network,IMS,353,340,245,08-May-25,08-May-25,22-May-25,15-Sep-25,19-Sep-25,,130,134,4478.5,4478.5,3702.575833,4250.075833,5%,72%,97%,83%,Green,[In Prog] late start; 
DSFFLOW-2575,In Progress,Maiden Installation,Core Network,Cloud,32,32,7,23-Jun-25,23-Jun-25,14-Jul-25,01-Dec-25,01-Dec-25,,161,161,1262.0,1262.0,472.0,1221.0,3%,22%,52%,37%,Green,[In Prog] late start; 
DSFFLOW-3581,Closed,Upgrade,Core Network,MSS,13,13,13,22-Jul-25,03-Jul-25,03-Jul-25,15-Aug-25,08-Aug-25,08-Aug-25,24,36,220.0,220.0,204.5,204.5,8%,100%,100%,93%,Green,[Closed] efforts saved; 
DSFFLOW-371,Backlog,Upgrade,Core Network,MSS,28,28,0,24-Mar-25,24-Mar-25,,25-Jul-25,25-Jul-25,,123,123,700.0,700.0,,700.0,0%,0%,142%,0%,Amber,[Backlog] with 175 days past due start date; 
DSFFLOW-5319,On Hold,Upgrade,Core Network,Cloud,6,6,15,25-Aug-25,25-Aug-25,26-Aug-25,11-Sep-25,11-Sep-25,,17,17,102.5,102.5,102.5,111.0,-8%,250%,122%,100%,Red,[On Hold] projecting 5%+ EAC effort overrun; work progress misaligned with time progress; 
DSFFLOW-2947,Closed,Upgrade,Core Network,MSS,21,21,21,18-Mar-25,08-May-25,08-May-25,15-Aug-25,15-Jul-25,15-Jul-25,150,68,411.5,411.5,382.5,382.5,8%,100%,100%,93%,Green,[Closed] efforts saved; 
DSFFLOW-3760,In Progress,Maiden Installation,Core Network,"Signaling, UDM",29,29,0,31-Mar-25,31-Mar-25,29-Jul-25,31-Mar-26,31-Mar-26,,365,365,6752.0,6752.0,1560.0,6752.0,0%,0%,46%,23%,Amber,[In Prog] time ticking without any work progress; efforts burnt misaligned with work progress; late start; 
DSFFLOW-2321,Closed,Upgrade,Core Network,Exposure,51,31,31,02-Jun-25,02-Jun-25,19-Jun-25,29-Aug-25,29-Aug-25,05-Sep-25,88,88,881.75,693.0,607.7666667,607.7666667,12%,100%,108%,88%,Amber,[Closed] schedule overrun < 10%; efforts saved; feedback: opportunity for optimized effort baseline; late start; 
DSFFLOW-5918,In Progress,Maiden Installation,Core Network,EPC,94,94,0,31-Aug-25,31-Aug-25,09-Sep-25,31-Dec-26,31-Dec-26,,487,487,6447.0,6447.0,31.0,6442.0,0%,0%,3%,0%,Green,[In Prog] late start; 
DSFFLOW-32,Closed,Upgrade,Network Management,Element Management & Reporting,57,31,31,08-Dec-24,08-Dec-24,09-Dec-24,17-Feb-25,18-Feb-25,17-Feb-25,71,72,910.0,459.0,457.0,457.0,0%,100%,99%,100%,Green,[Closed] ahead of schedule; 
DSFFLOW-2078,In Progress,"Upgrade, Maiden Installation",Core Network,"EPC, IMS",46,46,50,17-Jun-25,17-Jun-25,17-Jun-25,26-Sep-25,26-Sep-25,,101,101,1930.0,3252.0,2924.0,3228.0,1%,111%,89%,90%,Amber,[In Prog] efforts burnt misaligned with work progress; 
DSFFLOW-1662,In Progress,Upgrade,Network Management,Element Management,67,67,45,07-May-25,07-May-25,06-Jun-25,31-Jul-25,15-Sep-25,,85,131,1440.0,1440.0,1010.0,1355.0,6%,67%,100%,70%,Green,[In Prog] late start; 
DSFFLOW-2234,In Progress,Upgrade,Network Management,Element Management & Reporting,38,38,38,17-Jun-25,17-Jun-25,30-Jun-25,31-Oct-25,31-Oct-25,,136,136,652.0,652.0,501.0,501.0,23%,100%,66%,77%,Amber,[In Prog] efforts burnt misaligned with work progress; late start; 
DSFFLOW-2689,In Progress,Upgrade,Network Management,Element Management,130,128,51,23-Jun-25,14-Jul-25,14-Jul-25,31-Mar-26,30-Nov-25,,281,139,1759.9,1805.4,735.8997222,1721.399722,5%,40%,46%,41%,Green,[In Prog] 
DSFFLOW-2962,In Progress,Maiden Installation,Core Network,Cloud,101,101,0,07-Jul-25,07-Jul-25,05-Aug-25,30-Dec-25,30-Dec-25,,176,176,1816.0,1816.0,192.0008333,1816.0,0%,0%,40%,11%,Amber,[In Prog] time ticking without any work progress; late start; 
DSFFLOW-5245,In Progress,"Expansion, Maiden Installation",Core Network,Cloud,72,72,0,18-Aug-25,18-Aug-25,29-Aug-25,30-Jun-26,30-Jun-26,,316,316,1478.0,1478.0,299.5,1448.0,2%,0%,9%,20%,Amber,[In Prog] efforts burnt misaligned with work progress; late start; 
DSFFLOW-4971,In Progress,Expansion,Core Network,Cloud-3PP/MPBN,44,44,3,29-Jul-25,29-Jul-25,19-Aug-25,30-Nov-25,30-Nov-25,,124,124,636.0,636.0,53.5,636.0,0%,8%,39%,8%,Green,[In Prog] late start; 
DSFFLOW-4198,In Progress,Upgrade,Core Network,UDM,16,16,4,30-Jul-25,01-Aug-25,04-Aug-25,30-Sep-25,31-Oct-25,,62,91,460.0,460.0,238.0,376.5,18%,25%,50%,52%,Amber,[In Prog] efforts burnt misaligned with work progress; 
DSFFLOW-1809,Assigned,"Upgrade, Maiden Installation",Core Network,"MSS, Signaling",46,46,0,03-Mar-25,03-Mar-25,,15-Dec-25,15-Dec-25,,287,287,1202.0,1202.0,,1202.0,0%,0%,68%,0%,Amber,[Assigned] with 196 days past due start date; 
DSFFLOW-5938,Assigned,Maiden Installation,Core Network,MSS,40,40,0,24-Jul-25,24-Jul-25,,31-Mar-26,31-Mar-26,,250,250,2280.0,2280.0,,2280.0,0%,0%,22%,0%,Amber,[Assigned] with 53 days past due start date; 
DSFFLOW-5755,In Progress,Upgrade,Core Network,IMS,50,50,0,17-Aug-25,02-Sep-25,02-Sep-25,30-Oct-25,30-Oct-25,,74,58,476.0,476.0,,476.0,0%,0%,24%,0%,Amber,[In Prog] time ticking without any work progress; 
DSFFLOW-3311,In Progress,Expansion,BOS,Monetization Charging,415,415,107,27-Jul-25,27-Jul-25,22-Jul-25,30-Sep-25,30-Sep-25,,65,65,3279.6,3279.6,607.6,2988.1,9%,26%,77%,19%,Amber,[In Prog] efforts burnt misaligned with time progress; work progress misaligned with time progress; 
DSFFLOW-4483,In Progress,Expansion,Core Network,EPC,12,12,8,18-Aug-25,18-Aug-25,06-Aug-25,12-Sep-25,12-Sep-25,,25,25,161.0,161.0,1.0,161.0,0%,67%,113%,1%,Amber,[In Prog] efforts burnt misaligned with time progress; early start; 
DSFFLOW-1026,Closed,Upgrade,Network Management,Resource Orchestration,22,19,19,20-Apr-25,20-Apr-25,13-Jun-25,29-Jun-25,29-Jun-25,09-Jul-25,70,70,277.75,260.77,260.77,260.77,0%,100%,114%,100%,Red,[Closed] schedule overrun > 10%; late start; 
DSFFLOW-798,In Progress,Maiden Installation,Core Network,Cloud,77,77,0,05-May-25,01-Apr-25,03-Jun-25,30-Dec-25,20-Mar-26,,239,353,6839.0,6839.0,487.75,7613.5,-11%,0%,47%,8%,Red,[In Prog] projecting 5%+ EAC effort overrun; time ticking without any work progress; late start; 
DSFFLOW-4070,In Progress,Maiden Installation,BOS,"Core Commerce, D&A Mediation, Monetization Billing",60,60,0,06-Jun-25,06-Jun-25,31-Jul-25,31-Dec-27,31-Dec-27,,938,938,48905.49972,48905.49972,1410.25,48677.49972,0%,0%,11%,3%,Green,[In Prog] late start; Delivery Manager not assigned
DSFFLOW-1135,Closed,Upgrade,BOS,D&A Mediation,34,34,34,19-May-25,19-May-25,19-May-25,20-Jun-25,20-Jun-25,20-Jun-25,32,32,569.1,569.1,548.0,548.0,4%,100%,100%,96%,Green,[Closed] efforts saved; 
DSFFLOW-1679,In Progress,Maiden Installation,Core Network,Cloud-3PP/MPBN,30,30,0,16-May-25,16-May-25,22-Jul-25,31-Dec-26,31-Dec-26,,594,594,1088.5,1088.5,35.25,1088.5,0%,0%,21%,3%,Amber,[In Prog] time ticking without any work progress; late start; 
DSFFLOW-4636,In Progress,Maiden Installation,Core Network,"Core Network Automation, EPC",51,51,0,30-Jun-25,30-Jun-25,22-Aug-25,29-Jun-26,29-Jun-26,,364,364,1716.0,1716.0,681.0,1670.0,3%,0%,21%,40%,Amber,[In Prog] time ticking without any work progress; efforts burnt misaligned with work progress; late start; 
DSFFLOW-64,In Progress,Upgrade,Network Management,Element Management,58,56,56,02-Mar-25,02-Mar-25,13-Mar-25,30-Aug-25,12-Sep-25,,181,194,1350.91,1350.91,1231.659722,1231.659722,9%,100%,102%,91%,Green,[In Prog] late start; 
DSFFLOW-4794,Closed,Upgrade,Network Management,Element Management & Reporting,23,17,17,11-Aug-25,11-Aug-25,15-Aug-25,28-Aug-25,29-Aug-25,01-Sep-25,17,18,282.0,282.0,248.0,248.0,12%,100%,116%,88%,Red,[Closed] schedule overrun > 10%; efforts saved; feedback: opportunity for optimized effort baseline; 
DSFFLOW-2497,In Progress,Migration,"Core Network, Network Management","Activation, EPC, Resource Orchestration",96,96,18,29-May-25,29-May-25,27-Jun-25,27-Feb-26,27-Feb-26,,274,274,2112.0,2112.0,606.0,2112.0,0%,19%,40%,29%,Green,[In Prog] late start; 
DSFFLOW-1599,In Progress,Upgrade,Network Management,Element Management,63,63,42,15-May-25,15-May-25,24-Jun-25,29-Aug-25,30-Sep-25,,106,138,1102.0,1102.0,672.5,883.5,20%,67%,89%,61%,Green,[In Prog] late start; 
DSFFLOW-4916,In Progress,Upgrade,Network Management,Element Management & Reporting,78,78,0,18-Aug-25,18-Aug-25,25-Aug-25,15-Dec-25,15-Dec-25,,119,119,1231.8,1231.8,,1231.8,0%,0%,24%,0%,Amber,[In Prog] time ticking without any work progress; 
DSFFLOW-1879,Closed,Maiden Installation,Network Management,Element Management & Reporting,25,14,14,26-May-25,26-May-25,26-May-25,30-Jun-25,30-Jun-25,30-Jun-25,35,35,304.5,298.0,268.5,268.5,10%,100%,100%,90%,Green,[Closed] efforts saved; 
DSFFLOW-2264,In Progress,"Upgrade, Maiden Installation",BOS,Monetization Charging,561,561,9,16-Jun-25,16-Jun-25,16-Jun-25,16-Feb-26,16-Feb-26,,245,245,5197.5,5197.5,474.75,4958.5,5%,2%,37%,9%,Green,[In Prog] 
DSFFLOW-1041,In Progress,Maiden Installation,Core Network,IMS,17,13,13,14-May-25,14-May-25,16-May-25,30-Apr-27,30-Apr-27,27-Jun-25,716,716,728.0,728.0,728.0,604.0,17%,100%,6%,100%,Amber,[In Prog] efforts burnt misaligned with time progress; work progress misaligned with time progress; 
DSFFLOW-1926,In Progress,Maiden Installation,Core Network,Cloud,97,97,14,26-May-25,26-May-25,10-Jul-25,31-Dec-26,31-Dec-26,,584,584,2188.6,2188.6,777.6,2098.6,4%,15%,19%,36%,Amber,[In Prog] efforts burnt misaligned with work progress; late start; 
DSFFLOW-1790,Closed,Upgrade,Core Network,Cloud,85,85,85,02-Jun-25,02-Jun-25,10-Jul-25,31-Mar-26,31-Mar-26,26-Aug-25,302,302,726.0,726.0,726.0,726.0,0%,100%,29%,100%,Green,[Closed] ahead of schedule; feedback: opportunity for optimized time plan; late start; 
DSFFLOW-3685,Closed,Upgrade,Core Network,MSS,24,24,24,30-Jun-25,27-Jun-25,27-Jun-25,14-Sep-25,01-Sep-25,01-Sep-25,76,66,434.5,434.5,386.0,386.0,11%,100%,100%,89%,Green,[Closed] efforts saved; feedback: opportunity for optimized effort baseline; 
DSFFLOW-3078,In Progress,Upgrade,Core Network,UDM,27,27,4,02-Jul-25,03-Jul-25,03-Jul-25,01-Sep-25,17-Oct-25,,61,106,656.0,656.0,306.0,651.0,1%,15%,70%,47%,Amber,[In Prog] efforts burnt misaligned with work progress; work progress misaligned with time progress; 
DSFFLOW-2107,In Progress,Maiden Installation,Core Network,"IMS, UDM",90,90,0,29-May-25,29-May-25,30-Jun-25,27-Feb-26,27-Feb-26,,274,274,4087.7,4087.7,606.5997222,4044.2,1%,0%,40%,15%,Amber,[In Prog] time ticking without any work progress; late start; 
DSFFLOW-3327,Block,Upgrade,Network Management,Resource Orchestration,26,26,14,15-Jul-25,15-Jul-25,21-Jul-25,31-Oct-25,31-Oct-25,,108,108,334.0,334.0,166.05,319.5,4%,54%,58%,50%,Green,[Block] 
DSFFLOW-4299,In Progress,Upgrade,Core Network,"Cloud, EPC, UDM",88,88,7,21-Jul-25,21-Jul-25,06-Aug-25,31-Oct-25,31-Oct-25,,102,102,1686.0,1686.0,481.0,1617.0,4%,8%,57%,29%,Amber,[In Prog] efforts burnt misaligned with work progress; late start; 
DSFFLOW-993,In Progress,Maiden Installation,Core Network,UDM,40,40,10,10-Feb-25,10-Feb-25,10-Feb-25,31-Dec-25,31-Dec-25,,324,324,1955.0,1955.0,1025.0,1676.0,15%,25%,67%,52%,Amber,[In Prog] efforts burnt misaligned with work progress; 
DSFFLOW-340,Closed,Upgrade,Core Network,UDM,17,17,17,04-Mar-25,04-Mar-25,04-Mar-25,30-Jun-25,11-Aug-25,11-Aug-25,118,160,264.0,264.0,264.0,264.0,0%,100%,100%,100%,Green,[Closed] 
DSFFLOW-3044,In Progress,Maiden Installation,"Core Network, Network Management","Activation, Signaling, UDM",263,263,134,09-Jul-25,09-Jul-25,15-Jul-25,31-Dec-25,31-Dec-25,,175,175,3496.0,4277.0,1380.1,3464.1,19%,51%,39%,32%,Green,[In Prog] 
DSFFLOW-477,In Progress,"Upgrade, Maiden Installation",Core Network,EPC,49,49,34,08-Nov-24,08-Nov-24,29-Apr-25,28-Feb-26,28-Feb-26,,477,477,2564.0,2564.0,2254.0,2494.0,3%,69%,65%,88%,Green,[In Prog] late start; 
DSFFLOW-3060,In Progress,Upgrade,Core Network,UDM,71,44,22,25-Jun-25,16-Jul-25,16-Jul-25,28-Nov-25,28-Nov-25,,156,135,1032.0,832.0,428.0,712.0,15%,50%,46%,51%,Green,[In Prog] 
DSFFLOW-3458,Closed,Upgrade,Core Network,Cloud,18,18,18,22-Jul-25,22-Jul-25,29-Jul-25,29-Aug-25,29-Aug-25,11-Aug-25,38,38,242.0,242.0,242.0,242.0,0%,100%,54%,100%,Green,[Closed] ahead of schedule; feedback: opportunity for optimized time plan; 
DSFFLOW-1474,In Progress,Upgrade,Core Network,IMS,54,54,5,24-Mar-25,24-Mar-25,22-Aug-25,30-Aug-25,02-Feb-26,,159,315,461.5,461.5,72.0,393.5,15%,9%,57%,16%,Green,[In Prog] late start; 
DSFFLOW-1894,Closed,Upgrade,Core Network,EPC,25,23,23,31-Dec-24,31-Dec-24,26-Jun-25,30-Dec-25,30-Dec-25,30-Aug-25,364,364,1584.0,1424.0,1424.0,1424.0,0%,100%,67%,100%,Green,[Closed] ahead of schedule; feedback: opportunity for optimized time plan; late start; 
DSFFLOW-4760,In Progress,Upgrade,Network Management,Resource Orchestration,52,52,33,12-Aug-25,12-Aug-25,14-Aug-25,29-Sep-25,29-Sep-25,,48,48,217.08,276.58,205.56,251.58,9%,63%,71%,74%,Green,[In Prog] 
DSFFLOW-1200,Closed,Upgrade,Network Management,Element Management & Reporting,192,35,35,08-May-25,10-Feb-25,22-Apr-25,31-Aug-26,31-Oct-25,19-Jun-25,480,263,3156.0,1055.5,605.5,605.5,43%,100%,49%,57%,Green,[Closed] ahead of schedule; feedback: opportunity for optimized time plan; efforts saved; feedback: opportunity for optimized effort baseline; late start; 
DSFFLOW-3730,In Progress,Migration,Core Network,UDM,16,15,0,28-Jul-25,28-Jul-25,12-Aug-25,31-Oct-25,31-Oct-25,,95,95,1283.0,1283.0,410.5,1283.0,0%,0%,52%,32%,Amber,[In Prog] time ticking without any work progress; efforts burnt misaligned with work progress; late start; 
DSFFLOW-5446,In Progress,Maiden Installation,Core Network,UDM,20,20,0,25-Aug-25,25-Aug-25,28-Aug-25,31-Oct-25,31-Oct-25,,67,67,521.0,521.0,144.0,521.0,0%,0%,32%,29%,Amber,[In Prog] time ticking without any work progress; efforts burnt misaligned with work progress; 
DSFFLOW-1166,Closed,Upgrade,Core Network,Cloud,60,60,70,19-May-25,19-May-25,06-Jun-25,30-Dec-25,30-Dec-25,02-Sep-25,225,225,1875.0,1875.0,1874.5,1874.5,0%,117%,47%,100%,Green,[Closed] ahead of schedule; feedback: opportunity for optimized time plan; late start; 
DSFFLOW-4140,In Progress,Upgrade,Core Network,"Cloud, EPC, IMS, UDM",97,97,21,16-Apr-25,16-Apr-25,01-Aug-25,30-Dec-25,30-Dec-25,,258,258,2201.0,2201.0,996.0,2121.0,4%,22%,59%,45%,Amber,[In Prog] efforts burnt misaligned with work progress; late start; 
DSFFLOW-5303,In Progress,Maiden Installation,Core Network,Cloud,68,68,5,12-Aug-25,12-Aug-25,26-Aug-25,31-Dec-28,31-Dec-28,,1237,1237,2709.5,2709.5,368.0,2660.5,2%,8%,3%,15%,Green,[In Prog] late start; 
DSFFLOW-4540,In Progress,Upgrade,Core Network,Cloud,34,34,0,28-Jul-25,14-Jul-25,29-Aug-25,31-Dec-25,21-Feb-26,,156,222,1364.0,1364.0,538.0,1108.0,19%,0%,29%,39%,Amber,[In Prog] time ticking without any work progress; efforts burnt misaligned with work progress; late start; 
DSFFLOW-4865,Closed,Upgrade,Core Network,"MSS, Signaling",23,23,23,06-Jun-24,06-Jun-24,19-Aug-25,21-Aug-25,21-Aug-25,21-Aug-25,441,441,280.5,280.5,255.0,255.0,9%,100%,100%,91%,Green,[Closed] efforts saved; late start; 
DSFFLOW-1247,On Hold,Upgrade,Core Network,"EPC, IMS, UDM",168,168,0,06-May-25,06-May-25,23-May-25,31-Dec-25,31-Dec-25,,239,239,2729.0,2729.0,581.5,2643.25,3%,0%,57%,21%,Amber,[On Hold] time ticking without any work progress; efforts burnt misaligned with work progress; late start; 
DSFFLOW-2560,Closed,Upgrade,Network Management,Resource Orchestration,24,18,18,26-Jun-25,26-Jun-25,27-Jun-25,08-Jul-25,08-Jul-25,07-Jul-25,12,12,222.0,222.0,222.0,222.0,0%,100%,92%,100%,Green,[Closed] ahead of schedule; 
DSFFLOW-862,In Progress,Upgrade,Core Network,MSS,63,63,22,05-May-25,19-May-25,19-May-25,31-Dec-25,31-Dec-25,,240,226,2474.75,2474.75,1468.1,2474.75,0%,35%,53%,59%,Amber,[In Prog] efforts burnt misaligned with work progress; 
DSFFLOW-1337,In Progress,"Upgrade, Expansion",BOS,Monetization Charging,338,338,18,14-Apr-25,14-Apr-25,30-May-25,30-Oct-26,30-Oct-26,,564,564,5063.0,5063.0,786.25,4796.75,5%,5%,27%,16%,Green,[In Prog] late start; 
DSFFLOW-4729,Assigned,Upgrade,Core Network,Cloud-3PP/MPBN,16,16,0,01-Aug-25,01-Aug-25,,31-Oct-25,31-Oct-25,,91,91,320.0,320.0,,320.0,0%,0%,50%,0%,Amber,[Assigned] with 45 days past due start date; 
DSFFLOW-2708,In Progress,Upgrade,Core Network,"Cloud, Signaling",14,14,3,01-Jun-25,01-Jun-25,04-Jul-25,31-Oct-25,31-Oct-25,,152,152,315.0,315.0,121.0,308.0,2%,21%,70%,38%,Green,[In Prog] late start; 
DSFFLOW-3029,In Progress,Migration,Core Network,IMS,20,20,3,07-May-25,07-May-25,14-Jul-25,31-Dec-25,31-Dec-25,,238,238,902.0,902.0,316.0,902.0,0%,15%,57%,35%,Green,[In Prog] late start; 
DSFFLOW-3836,In Progress,Upgrade,Network Management,Activation,48,48,18,31-May-25,31-May-25,30-Jul-25,29-Sep-25,29-Sep-25,,121,121,612.0,612.0,354.0,540.0,12%,38%,89%,58%,Green,[In Prog] work progress misaligned with time progress; late start; 
DSFFLOW-6356,In Progress,Upgrade,Core Network,MSS,28,28,0,11-Sep-25,11-Sep-25,11-Sep-25,19-Dec-25,19-Dec-25,,99,99,720.0,720.0,40.0,720.0,0%,0%,5%,6%,Green,[In Prog] 
DSFFLOW-80,Closed,Upgrade,Core Network,"EPC, IMS, UDM",176,150,150,06-Feb-25,06-Feb-25,10-Mar-25,06-Jun-25,06-Jun-25,05-Jun-25,120,120,1786.0,1786.0,1758.0,1758.0,2%,100%,99%,98%,Green,[Closed] ahead of schedule; efforts saved; late start; 
DSFFLOW-5335,In Progress,Migration,Core Network,UDM,14,14,2,19-Aug-25,19-Aug-25,26-Aug-25,30-Dec-25,30-Dec-25,,133,133,811.0,811.0,320.5,811.0,0%,15%,21%,40%,Amber,[In Prog] efforts burnt misaligned with work progress; 
DSFFLOW-3547,Closed,Upgrade,Core Network,MSS,13,13,13,06-Jul-25,08-Jul-25,08-Jul-25,14-Aug-25,08-Aug-25,08-Aug-25,39,31,220.0,220.0,210.0,210.0,5%,100%,100%,95%,Green,[Closed] efforts saved; 
DSFFLOW-3142,In Progress,Maiden Installation,Core Network,Cloud,100,100,7,06-Jul-25,06-Jul-25,15-Jul-25,14-Sep-25,14-Sep-25,,70,70,1766.6,1766.6,670.0,1688.6,4%,8%,101%,38%,Amber,[In Prog] efforts burnt misaligned with work progress; efforts burnt misaligned with time progress; work progress misaligned with time progress; late start; 
DSFFLOW-2419,Closed,Upgrade,Core Network,IMS,52,52,52,05-Jun-25,05-Jun-25,24-Jul-25,26-Jun-25,26-Jun-25,24-Jul-25,21,21,322.0,322.0,200.0,200.0,38%,100%,227%,62%,Red,[Closed] schedule overrun > 10%; efforts saved; feedback: opportunity for optimized effort baseline; late start; 
DSFFLOW-5773,In Progress,Maiden Installation,Core Network,MSS,41,41,7,07-Jul-25,07-Jul-25,02-Sep-25,31-Oct-25,30-Sep-25,,116,85,518.0,518.0,290.0,438.0,15%,17%,83%,57%,Amber,[In Prog] efforts burnt misaligned with work progress; work progress misaligned with time progress; late start; 
DSFFLOW-591,In Progress,Upgrade,Core Network,Cloud-3PP/MPBN,30,30,10,22-Apr-25,22-Apr-25,05-Jun-25,30-Jun-25,30-Jun-25,,69,69,850.0,850.0,322.0,789.5,8%,33%,210%,38%,Amber,[In Prog] efforts burnt misaligned with time progress; work progress misaligned with time progress; late start; 
DSFFLOW-3411,In Progress,Upgrade,Core Network,IMS,46,46,0,14-Jul-25,14-Jul-25,05-Sep-25,15-Aug-25,15-Sep-25,,32,63,560.0,560.0,42.0,536.0,4%,0%,100%,8%,Amber,[In Prog] time ticking without any work progress; late start; 
DSFFLOW-4427,Closed,Upgrade,Network Management,Element Management & Reporting,24,18,18,28-Jul-25,28-Jul-25,06-Aug-25,08-Aug-25,08-Aug-25,11-Aug-25,11,11,148.0,148.0,140.0,140.0,5%,100%,125%,95%,Red,[Closed] schedule overrun > 10%; efforts saved; late start; 
DSFFLOW-1057,In Progress,"Upgrade, Maiden Installation",Core Network,EPC,86,86,9,07-May-25,07-May-25,16-May-25,30-Jan-26,30-Jan-26,,268,268,3893.75,3893.75,802.5,3876.75,0%,10%,49%,21%,Green,[In Prog] late start; 
DSFFLOW-4880,In Progress,Migration,Core Network,"Cloud-3PP/MPBN, IMS, MSS, Signaling, UDM",135,135,0,13-Aug-25,13-Aug-25,05-Sep-25,05-Dec-25,05-Dec-25,,114,114,2814.2,2814.2,88.1,2814.1,0%,0%,30%,3%,Amber,[In Prog] time ticking without any work progress; late start; 
DSFFLOW-6476,Assigned,Upgrade,Core Network,MSS,12,12,0,01-Aug-25,01-Aug-25,,15-Oct-25,15-Oct-25,,75,75,220.0,220.0,,220.0,0%,0%,61%,0%,Amber,[Assigned] with 45 days past due start date; 
DSFFLOW-4028,In Progress,Maiden Installation,Core Network,Cloud,33,33,0,14-Jul-25,14-Jul-25,30-Jul-25,05-Sep-25,05-Sep-25,,53,53,1736.0,1736.0,42.0,1694.0,2%,0%,119%,2%,Amber,[In Prog] time ticking without any work progress; late start; 
DSFFLOW-2368,On Hold,Upgrade,Network Management,"Activation, Resource Orchestration",34,34,15,01-Jun-25,01-Jun-25,20-Jun-25,31-Aug-33,31-Aug-33,,3013,3013,766.71,766.71,437.7,738.71,4%,44%,4%,57%,Amber,[On Hold] efforts burnt misaligned with time progress; late start; 
DSFFLOW-5367,In Progress,Maiden Installation,Core Network,Cloud,79,79,7,08-Aug-25,08-Aug-25,26-Aug-25,31-Dec-28,31-Dec-28,,1241,1241,2541.0,2541.0,584.0,2493.0,2%,9%,3%,23%,Green,[In Prog] late start; 
DSFFLOW-4013,Assigned,Maiden Installation,Core Network,MSS,38,38,0,25-Jul-25,25-Jul-25,,15-Apr-26,15-Apr-26,,264,264,2613.0,2613.0,,2613.0,0%,0%,20%,0%,Amber,[Assigned] with 52 days past due start date; 
DSFFLOW-2467,In Progress,Upgrade,BOS,D&A Mediation,25,25,6,11-Jun-25,11-Jun-25,26-Jun-25,30-Nov-25,30-Nov-25,,172,172,1232.5,1232.5,603.06,1093.84,11%,24%,57%,49%,Amber,[In Prog] efforts burnt misaligned with work progress; late start; 
DSFFLOW-1745,Closed,"Upgrade, Expansion","Core Network, Network Management","EPC, Exposure, Resource Orchestration, UDM",101,101,101,04-Jun-25,04-Jun-25,06-Jun-25,30-Aug-25,30-Aug-25,28-Jul-25,87,87,1432.0,1432.0,1432.0,1432.0,0%,100%,63%,100%,Green,[Closed] ahead of schedule; feedback: opportunity for optimized time plan; 
DSFFLOW-2529,Closed,Maiden Installation,Core Network,"Cloud, EPC, IMS, MSS, UDM",15,15,15,24-Jun-25,24-Jun-25,26-Jun-25,29-Aug-25,29-Aug-25,04-Sep-25,66,66,3284.0,3284.0,3284.0,3284.0,0%,100%,111%,100%,Red,[Closed] schedule overrun > 10%; 
DSFFLOW-760,In Progress,Upgrade,BOS,"D&A Mediation, Monetization Charging",2546,2546,758,08-Apr-25,08-Apr-25,12-May-25,20-Apr-26,20-Apr-26,,377,377,33240.9,33240.9,10958.70167,32199.31167,3%,30%,43%,33%,Green,[In Prog] late start; 
DSFFLOW-1307,In Progress,Expansion,BOS,Monetization Charging,161,161,160,11-May-25,11-May-25,11-May-25,21-Aug-25,30-Sep-25,,102,142,4315.75,4315.75,2395.266667,2746.016667,36%,99%,90%,57%,Amber,[In Prog] efforts burnt misaligned with work progress; 
DSFFLOW-3475,In Progress,Upgrade,Core Network,"EPC, IMS, Signaling, UDM",190,190,94,30-Apr-25,30-Apr-25,05-May-25,29-Sep-25,29-Sep-25,,152,152,3427.5,3427.5,2610.75,3274.25,4%,49%,91%,76%,Amber,[In Prog] efforts burnt misaligned with work progress; 
DSFFLOW-2544,In Progress,Maiden Installation,Core Network,Cloud-3PP/MPBN,78,78,2,19-Apr-25,19-Apr-25,26-Jun-25,31-Oct-25,31-Oct-25,,195,195,8854.5,8854.5,1118.0,8738.0,1%,3%,77%,13%,Amber,[In Prog] efforts burnt misaligned with time progress; work progress misaligned with time progress; late start; 
DSFFLOW-2674,In Progress,Maiden Installation,Core Network,EPC,41,41,0,01-May-24,01-May-24,10-Jul-25,30-Sep-25,30-Sep-25,,517,517,1454.0,1454.0,,1454.0,0%,0%,97%,0%,Amber,[In Prog] time ticking without any work progress; late start; 
DSFFLOW-401,Closed,"Upgrade, Expansion, Migration",Core Network,EPC,152,150,150,10-Jul-24,10-Jul-24,30-Apr-25,12-Dec-25,12-Dec-25,23-Jun-25,520,520,2112.0,1932.0,1908.1,1908.1,1%,100%,67%,99%,Green,[Closed] ahead of schedule; feedback: opportunity for optimized time plan; efforts saved; late start; 
DSFFLOW-1263,In Progress,Maiden Installation,Core Network,EPC,36,36,11,11-May-25,11-May-25,11-Jul-25,01-Aug-25,01-Aug-25,,82,82,871.0,871.0,687.75,809.0,8%,31%,154%,79%,Amber,[In Prog] efforts burnt misaligned with work progress; efforts burnt misaligned with time progress; work progress misaligned with time progress; late start; 
DSFFLOW-2931,On Hold,Maiden Installation,Network Management,Activation,46,46,4,08-Jun-25,08-Jun-25,09-Jun-25,30-Dec-25,30-Dec-25,,205,205,1061.25,1061.25,267.72,1027.07,3%,9%,49%,25%,Green,[On Hold] 
DSFFLOW-937,Closed,Upgrade,Core Network,IMS,16,16,16,06-May-25,06-May-25,12-Sep-25,29-Jun-25,29-Jun-25,12-Sep-25,54,54,176.0,176.0,204.0,204.0,-16%,100%,236%,116%,Red,[Closed] effort overrun > 1%; schedule overrun > 10%; late start; 
DSFFLOW-3562,In Progress,Upgrade,Core Network,Cloud,23,23,2,23-Jul-25,23-Jul-25,23-Jul-25,30-Sep-25,30-Sep-25,,69,69,844.0,844.0,392.0,864.0,-2%,9%,79%,46%,Amber,[In Prog] projecting 1%+ EAC effort overrun ; efforts burnt misaligned with work progress; work progress misaligned with time progress; 
DSFFLOW-1584,In Progress,Maiden Installation,"Core Network, Network Management","Activation, Core Network Automation, EPC, IMS, Resource Orchestration, UDM",43,43,45,12-May-25,12-May-25,12-May-25,15-Sep-25,15-Sep-25,,126,126,2549.99,2549.99,2148.99,2532.99,1%,105%,100%,84%,Amber,[In Prog] efforts burnt misaligned with work progress; 
DSFFLOW-2901,On Hold,Maiden Installation,Network Management,Resource Orchestration,34,33,13,01-Jun-25,01-Jun-25,08-Jul-25,30-Aug-25,30-Aug-25,,90,90,777.75,777.75,248.75,742.75,5%,39%,118%,32%,Amber,[On Hold] efforts burnt misaligned with time progress; work progress misaligned with time progress; late start; 
DSFFLOW-1119,In Progress,Upgrade,Network Management,Element Management,161,160,48,15-May-25,21-May-25,02-Jun-25,31-Dec-25,31-Dec-25,,230,224,3306.0,3298.0,1302.5,2813.0,15%,30%,52%,39%,Green,[In Prog] late start; 
DSFFLOW-6286,In Progress,Upgrade,Core Network,EPC,18,18,0,25-Aug-25,25-Aug-25,10-Sep-25,18-Sep-25,18-Sep-25,,24,24,141.0,141.0,40.0,141.0,0%,0%,88%,29%,Amber,[In Prog] time ticking without any work progress; efforts burnt misaligned with work progress; late start; 
DSFFLOW-4085,In Progress,Upgrade,Core Network,Cloud,206,206,27,07-Jul-25,07-Jul-25,04-Aug-25,14-Nov-25,14-Nov-25,,130,130,7116.98,7116.98,1283.96,7008.54,2%,13%,54%,18%,Green,[In Prog] late start; 
DSFFLOW-5029,In Progress,Upgrade,Core Network,UDM,28,28,3,29-Jul-25,29-Jul-25,20-Aug-25,03-Oct-25,03-Oct-25,,66,66,608.0,608.0,160.0,608.0,0%,11%,73%,26%,Green,[In Prog] work progress misaligned with time progress; late start; 
DSFFLOW-4379,In Progress,Upgrade,Network Management,Element Management,69,69,23,03-Aug-25,04-Aug-25,04-Aug-25,31-Dec-25,31-Dec-25,,150,149,1002.5,1002.5,322.5,964.5,4%,33%,29%,32%,Green,[In Prog] 
DSFFLOW-3870,In Progress,Expansion,Core Network,Cloud,62,62,29,14-Jul-25,14-Jul-25,29-Jul-25,24-Dec-25,24-Dec-25,,163,163,727.94,727.94,473.2697222,712.9397222,2%,47%,39%,65%,Green,[In Prog] late start; 
DSFFLOW-4605,In Progress,Upgrade,Core Network,Cloud,127,127,26,24-Jul-25,24-Jul-25,11-Aug-25,31-Dec-25,31-Dec-25,,160,160,2196.0,2196.0,386.0,2196.0,0%,20%,34%,18%,Green,[In Prog] late start; 
DSFFLOW-879,Rejected,Upgrade,Network Management,Element Management & Reporting,12,12,0,09-May-25,09-May-25,,29-Jun-25,29-Jun-25,,51,51,0.0,0.0,,0.0,0%,0%,250%,0%,,
DSFFLOW-1383,Closed,Upgrade,Core Network,EPC,63,63,63,31-Dec-24,31-Dec-24,01-Jan-25,30-Jun-25,30-Jun-25,27-May-25,181,181,952.0,952.0,952.0,952.0,0%,100%,81%,100%,Green,[Closed] ahead of schedule; feedback: opportunity for optimized time plan; 
DSFFLOW-206,In Progress,Upgrade,Core Network,IMS,214,189,93,16-Feb-25,16-Feb-25,22-Apr-25,18-Dec-25,18-Dec-25,,305,305,3892.0,3892.0,2414.0,3362.75,15%,49%,69%,62%,Green,[In Prog] late start; 
DSFFLOW-1614,In Progress,Upgrade,Network Management,Resource Orchestration,54,52,52,28-May-25,28-May-25,04-Jun-25,30-Jan-26,30-Jan-26,,247,247,299.7533333,299.7533333,300.12,300.12,0%,100%,45%,100%,Amber,[In Prog] efforts burnt misaligned with time progress; work progress misaligned with time progress; 
DSFFLOW-5597,In Progress,Upgrade,Core Network,Cloud,24,24,0,10-Aug-25,10-Aug-25,29-Aug-25,30-Oct-25,30-Oct-25,,81,81,1828.0,1906.0,72.0,1882.0,1%,0%,45%,4%,Amber,[In Prog] time ticking without any work progress; late start; 
DSFFLOW-3630,Assigned,Migration,Core Network,Cloud,60,60,0,04-Jul-25,04-Jul-25,,31-Dec-25,31-Dec-25,,180,180,2549.0,2549.0,,2549.0,0%,0%,41%,0%,Amber,[Assigned] with 73 days past due start date; 
DSFFLOW-5085,In Progress,Expansion,BOS,Monetization Charging,80,80,3,04-Aug-25,04-Aug-25,20-Aug-25,30-Nov-25,30-Nov-25,,118,118,794.9,794.9,65.5,797.2,0%,4%,36%,8%,Green,[In Prog] late start; 
